POS,CEFR,Word,CaptionID,ImageID
determiner,A1,a,38,179765
adjective,A1,black,38,179765
noun,B1,motorcycle,38,179765
verb,A2,park,38,179765
preposition,A1,in,38,179765
noun,A2,front,38,179765
preposition,A1,of,38,179765
noun,A2,garage,38,179765
noun,A1,grass,182,179765
determiner,A1,an,401,190236
noun,A1,office,401,190236
preposition,A1,with,401,190236
adjective,A1,different,401,190236
noun,A1,type,401,190236
noun,A1,computer,401,190236
adjective,A1,small,441,331352
verb,A1,close,441,331352
noun,A1,toilet,441,331352
noun,A2,space,441,331352
noun,A1,woman,447,517069
verb,A1,wait,447,517069
preposition,A1,at,447,517069
noun,A2,bench,447,517069
adverb,A2,next,447,517069
preposition,A1,to,447,517069
noun,A1,street,447,517069
adjective,A1,dark,479,179765
noun,A1,seat,479,179765
conjunction,A1,and,540,331352
noun,B1,combination,540,331352
noun,A1,room,540,331352
determiner,A1,the,644,190236
noun,A1,home,644,190236
verb,A2,seem,644,190236
adverb,A1,very,644,190236
adjective,A1,beautiful,856,182417
noun,A2,dessert,856,182417
verb,A1,share,856,182417
preposition,A1,by,856,182417
noun,A1,people,856,182417
verb,A1,sit,882,517069
preposition,A1,on,882,517069
verb,A2,stand,882,517069
preposition,A1,for,882,517069
noun,A1,bus,882,517069
noun,A2,middle,957,517069
noun,A1,city,957,517069
pronoun,A1,this,981,331352
adjective,A2,advanced,981,331352
noun,A2,sink,981,331352
noun,A2,control,981,331352
noun,B2,panel,981,331352
noun,A1,cat,1158,46378
verb,A1,eat,1158,46378
noun,A1,bird,1158,46378
pronoun,A1,it,1158,46378
verb,A1,catch,1158,46378
adjective,A1,close,1392,331352
preposition,A1,up,1392,331352
noun,A1,picture,1392,331352
noun,B1,fountain,1392,331352
noun,A2,shot,1437,93437
adjective,A2,elderly,1437,93437
noun,A1,man,1437,93437
preposition,A1,inside,1437,93437
noun,A1,kitchen,1437,93437
preposition,A1,between,1536,172330
noun,A1,car,1536,172330
noun,B1,parking,1536,172330
noun,A2,lot,1536,172330
preposition,A1,behind,1614,517069
noun,A1,stop,1614,517069
adjective,B2,multiple,1638,472678
adjective,A1,old,1707,93437
verb,A1,wear,1707,93437
adjective,B2,odd,1707,93437
noun,A1,hat,1707,93437
noun,B2,parade,1879,314251
verb,A1,go,1879,314251
preposition,A1,through,1879,314251
noun,A1,group,1879,314251
adjective,A1,tall,1879,314251
noun,A1,tree,1879,314251
verb,A1,sleep,2158,223747
pronoun,A1,his,2158,223747
pronoun,A1,he,2158,223747
determiner,A1,all,2734,109976
adjective,A1,white,2734,109976
adjective,A2,electric,2734,109976
noun,A1,desk,2846,190236
noun,A1,chair,2846,190236
noun,B2,laptop,2846,190236
noun,A1,telephone,2960,12667
noun,A1,banana,2960,12667
conjunction,A1,where,2960,12667
preposition,B1,off,2970,331352
noun,A2,stove,3202,109976
noun,B2,counter,3202,109976
noun,A1,top,3202,109976
determiner,A1,another,3408,517069
verb,A1,set,3464,190236
noun,A2,screen,3464,190236
noun,A1,coffee,4459,109976
noun,A2,maker,4459,109976
noun,B2,cabinet,4747,109976
noun,A1,piece,4882,182417
noun,A1,cake,4882,182417
noun,A2,plate,4882,182417
noun,B2,decoration,4882,182417
noun,B1,sidewalk,5037,172330
noun,A1,cream,5098,182417
verb,A2,drive,5245,314251
preposition,A2,down,5245,314251
verb,B2,line,5245,314251
noun,A2,attention,5406,172330
noun,A1,dog,5509,482917
pronoun,A1,its,5509,482917
noun,B2,master,5509,482917
noun,B1,foot,5509,482917
verb,A1,watch,5509,482917
noun,A1,TV,5509,482917
adjective,A1,young,5626,223747
adjective,A1,cute,5626,223747
verb,A1,enjoy,5626,223747
noun,B1,nap,5626,223747
adverb,A1,together,5626,223747
noun,A1,person,5689,482917
verb,A1,look,5689,482917
adjective,A1,funny,6024,93437
noun,A2,leather,6151,534605
noun,A1,bike,6151,534605
verb,A2,dress,6271,534605
noun,B2,gear,6271,534605
preposition,A1,near,6271,534605
noun,A1,head,6343,223747
noun,B1,pillow,6343,223747
verb,A2,replace,6443,12667
noun,A1,phone,6443,12667
verb,A1,answer,6443,12667
noun,A1,machine,6443,12667
noun,A1,television,6745,482917
noun,A2,brake,6803,179765
verb,B1,extend,6803,179765
adverb,A1,outside,6803,179765
adjective,A1,long,7090,314251
verb,A1,fill,7090,314251
determiner,B1,either,7090,314251
noun,A1,side,7090,314251
adjective,B1,flat,7482,472678
noun,B1,monitor,7482,472678
preposition,A1,from,7941,172330
noun,A1,bicycle,7990,534605
preposition,A1,around,8173,534605
noun,A1,bedroom,8233,223747
noun,A1,toy,8242,289393
noun,A1,animal,8242,289393
adjective,A1,red,8242,289393
adjective,A2,wooden,8242,289393
adjective,A1,pink,8549,561256
verb,A1,take,8549,561256
noun,A1,bathroom,8549,561256
noun,A2,mirror,8549,561256
noun,A1,bed,8845,223747
noun,A1,plane,9769,338325
verb,A1,fly,9769,338325
preposition,A1,into,9769,338325
noun,A1,sky,9769,338325
conjunction,A2,as,9769,338325
noun,A1,sun,9769,338325
verb,A2,shine,9769,338325
adjective,A1,open,9862,65485
verb,A2,cover,9862,65485
noun,A1,field,9862,65485
noun,A2,background,9914,226662
noun,B1,sculpture,10030,11511
noun,B1,purse,10030,11511
noun,A1,ground,10030,11511
conjunction,A2,while,10030,11511
noun,A1,line,10030,11511
pronoun,A1,they,10030,11511
noun,A1,house,10527,46378
noun,A1,song,10527,46378
noun,A1,door,10527,46378
noun,A2,step,10527,46378
verb,B2,overlook,10897,182417
noun,A1,water,10897,182417
noun,A2,metal,10939,11511
noun,A2,statue,10939,11511
adjective,A1,little,11008,221754
noun,A2,traffic,11008,221754
determiner,A1,this,11008,221754
noun,B2,intersection,11008,221754
noun,A1,book,11319,472678
noun,B1,diagram,11319,472678
noun,A2,photograph,11519,226662
verb,B1,place,11616,472678
preposition,A1,beside,11616,472678
determiner,A1,each,11616,472678
adjective,A1,orange,11734,249025
verb,B1,rise,11734,249025
noun,A1,vase,11734,249025
noun,A1,table,11734,249025
verb,B1,pause,11805,255965
adjective,A1,blue,11880,255965
noun,A1,dress,11906,561256
noun,A1,photo,12029,226662
noun,B1,trash,12242,51598
noun,A1,bag,12242,51598
noun,A1,jacket,12357,93437
noun,A1,camera,12357,93437
noun,B1,bull,12391,289393
noun,B1,giraffe,12391,289393
noun,B2,deer,12391,289393
noun,A1,flower,12740,561256
noun,A1,self,12740,561256
adjective,A1,front,12973,65485
adjective,A1,clean,13014,445846
noun,A1,window,13014,445846
determiner,A1,some,13306,289393
adjective,B2,urban,13501,221754
adjective,A1,cloudy,13501,221754
noun,A1,day,13501,221754
verb,A2,relax,13606,482917
noun,A1,child,13618,289393
preposition,A2,across,13618,289393
noun,A1,floor,13618,289393
noun,A1,glass,13634,192871
noun,A1,bowl,13634,192871
noun,A1,orange,13634,192871
adjective,A2,attractive,14058,365642
verb,A1,use,14206,393569
noun,A2,custom,14330,226662
verb,A1,make,14330,226662
noun,A2,display,14330,226662
noun,B2,rider,14330,226662
verb,A2,chat,14330,226662
noun,A2,stomach,14370,255965
noun,B2,pose,14370,255965
noun,A2,style,14446,116479
noun,A2,frame,14446,116479
noun,B1,angle,14791,338325
adjective,A1,large,15425,226662
adjective,B2,rear,15425,226662
noun,A2,view,15462,570736
pronoun,A1,that,15462,570736
noun,A1,garbage,15485,51598
verb,B1,light,15485,51598
adjective,A2,dead,15894,46378
noun,A1,apple,15959,192871
noun,B2,stool,15969,365642
noun,B1,security,16074,472678
verb,A2,face,16408,393569
adverb,A1,out,16408,393569
noun,A1,corner,16437,255965
verb,A1,ride,16726,314251
noun,A1,park,16726,314251
verb,B2,strip,17058,255965
noun,B1,brick,17058,255965
noun,A1,wall,17058,255965
noun,A1,light,17065,221754
noun,A1,yellow,17068,249025
adjective,A2,clear,17068,249025
verb,A1,celebrate,17147,117425
noun,A1,birthday,17147,117425
noun,A1,girl,17275,393569
pronoun,A1,her,17275,393569
noun,B2,vanity,17358,570736
noun,A1,shower,17358,570736
adjective,A1,yellow,17402,561256
verb,A2,hold,17402,561256
noun,B2,zebra,17539,159977
verb,A2,check,17539,159977
adjective,A1,brown,17583,445846
noun,A1,bucket,18027,365642
noun,A1,truck,18037,65485
noun,A1,driver,18037,65485
noun,A1,medicine,18251,51598
noun,A2,toothbrush,18251,51598
noun,B2,holder,18251,51598
adjective,B1,bare,18251,51598
noun,B1,pole,18275,492937
noun,A1,train,18275,492937
noun,A1,station,18275,492937
adverb,A1,back,18317,51598
noun,B2,desktop,18549,63740
adjective,A1,full,19259,192871
noun,A1,boy,19394,117425
noun,A2,spoon,19394,117425
verb,A1,walk,19396,159977
noun,A1,fruit,19458,63740
noun,A1,rose,19468,249025
verb,A1,see,19468,249025
pronoun,A2,herself,19511,561256
noun,A2,lock,19526,492937
noun,B2,scooter,19843,314251
verb,A1,live,19942,393569
pronoun,A1,who,19942,393569
noun,B1,platform,20657,492937
determiner,A1,no,20850,445846
noun,A1,food,20850,445846
noun,B2,lap,20910,63740
adjective,B1,top,20910,63740
verb,B1,lock,20933,492937
verb,B1,board,20933,492937
adjective,B1,mass,20933,492937
noun,A1,baby,20939,117425
noun,B1,candle,20939,117425
adjective,A2,wild,20989,159977
verb,A2,operate,21197,177934
noun,A1,wash,21197,177934
noun,B1,runway,21407,96549
conjunction,A2,either,21407,96549
adverb,A1,just,21407,96549
verb,A2,land,21407,96549
conjunction,A1,or,21407,96549
adjective,A1,ready,21407,96549
adverb,A2,extremely,21453,445846
adjective,B1,plain,21453,445846
noun,A2,scene,21534,445846
verb,A1,show,21534,445846
adjective,A1,dry,21608,469192
noun,A1,kite,21608,469192
verb,A1,wash,22004,177934
noun,B1,motor,22004,177934
noun,B1,cycle,22004,177934
noun,A2,cross,22603,221754
noun,A2,area,22603,221754
noun,B1,airline,23129,96549
noun,B2,landing,23129,96549
noun,A1,airport,23129,96549
noun,A2,track,23799,232538
noun,A1,tower,23799,232538
preposition,B1,underneath,24392,469192
noun,A1,smoke,24695,44652
verb,B2,trail,24695,44652
noun,A2,part,24781,210502
verb,B1,connect,24781,210502
noun,B2,doorway,24877,116479
verb,A1,stop,25173,232538
verb,B2,slide,25257,187513
adjective,A2,single,25259,44652
noun,A2,passenger,25434,232538
noun,A2,air,25514,469192
noun,B1,curtain,25609,116479
adjective,B1,commercial,25793,96549
noun,B1,strip,25793,96549
noun,B1,tile,26024,552883
noun,B2,splash,26024,552883
verb,B2,feature,26499,570736
noun,B2,ceiling,26548,116479
noun,A1,fan,26548,116479
noun,B1,cell,26764,228214
adjective,A2,empty,26807,552883
noun,B1,storage,26807,552883
adjective,A2,wide,27196,221754
noun,A1,building,27196,221754
noun,A1,poster,27403,116479
verb,A2,pull,27717,232538
noun,B1,keyboard,27981,63740
noun,A1,dish,28145,552883
noun,A2,uniform,28477,228214
adjective,A1,smart,28477,228214
noun,A1,jet,28520,96549
verb,B1,touch,28520,96549
noun,B2,outside,28738,210502
adjective,A1,green,28968,187513
verb,B1,sink,29391,570736
verb,B2,shower,29391,570736
adverb,A2,fully,29483,298396
adjective,A1,light,29570,552883
adverb,B1,newly,29607,187513
noun,B1,stall,29720,201775
preposition,A2,along,30110,201775
noun,A1,stone,30345,391375
adjective,B1,public,30641,201775
preposition,A1,over,30641,201775
noun,A2,red,30830,557501
noun,A1,magazine,31469,298396
noun,B1,service,31651,228214
noun,A2,refrigerator,31701,435880
adverb,A2,high,31739,44652
preposition,A1,past,32095,555050
noun,A2,furniture,32095,555050
noun,A1,shop,32095,555050
noun,A1,cow,32809,555050
noun,B1,basin,32967,466085
adjective,A1,only,32967,466085
noun,A1,thing,32967,466085
verb,A1,leave,32967,466085
verb,B2,spot,33072,391375
noun,B1,rail,33262,210502
adjective,B2,deep,33363,435880
noun,B1,freezer,33363,435880
verb,B1,display,33363,435880
noun,A1,towel,33461,557501
noun,A2,soap,33461,557501
preposition,A1,under,33834,466085
noun,B1,construction,33834,466085
noun,A1,store,33895,555050
verb,A1,focus,33929,557501
verb,A2,pass,34471,555050
noun,A1,bath,34664,442009
noun,B2,tub,34664,442009
noun,A1,baseball,35494,127987
noun,A1,player,35494,127987
noun,A1,doll,35938,127987
adjective,A2,fancy,36030,453634
noun,A1,ice,36039,435880
noun,A2,chest,36039,435880
noun,B2,focus,38283,453634
noun,B1,pipe,38955,466085
noun,A1,horse,39043,368335
noun,A2,fridge,39849,435880
noun,A1,night,39861,423798
noun,B1,dirt,40158,140420
noun,A2,road,40158,140420
noun,A2,forest,40158,140420
noun,A2,base,40179,466085
preposition,A1,as,40179,466085
verb,B1,undergo,40179,466085
noun,A2,crowd,40309,204186
noun,A1,watch,40309,204186
noun,B1,ocean,40865,442009
noun,A1,walk,40888,368335
adjective,A1,big,41078,442009
noun,A1,leg,41078,442009
noun,B2,loan,41184,140420
pronoun,A2,itself,41184,140420
noun,B2,bend,41184,140420
adjective,A2,complete,41441,442009
noun,B1,iron,41441,442009
noun,B2,motion,41445,423798
adjective,B1,tropical,42644,173008
noun,B1,print,42644,173008
noun,A1,shirt,42644,173008
noun,A1,hair,42644,173008
noun,B2,hood,42954,10363
noun,B1,spectator,43060,204186
noun,A2,show,43060,204186
adverb,A2,instead,43283,173008
noun,B1,stream,43542,140420
noun,A2,fork,44065,504711
verb,B1,rest,44065,504711
verb,A1,carry,44078,288584
adjective,A1,bright,44241,423798
verb,A2,reflect,44241,423798
noun,B2,pavement,44241,423798
noun,A1,chocolate,44320,504711
noun,A2,bite,44378,173008
noun,A1,half,44378,173008
verb,B2,peel,44378,173008
verb,A1,collect,44552,288584
noun,B1,vehicle,45322,204186
adjective,A1,gold,45495,551304
noun,A2,can,45495,551304
noun,B1,steel,45701,452793
pronoun,A1,we,45775,368335
noun,A1,cloud,45864,456865
preposition,A1,above,45864,456865
noun,B2,beam,45867,423798
verb,A1,come,45867,423798
noun,B1,object,45867,423798
noun,B1,herd,46501,103548
verb,A1,travel,46501,103548
noun,A2,country,46501,103548
verb,B1,surround,46501,103548
adjective,B2,lush,46501,103548
noun,A2,landscape,46501,103548
verb,B1,lay,46652,226408
noun,A1,arm,46652,226408
adjective,A2,golden,46689,551304
noun,A1,work,46689,551304
pronoun,A1,all,46879,40471
verb,A1,paint,46879,40471
adjective,A2,automatic,47137,40471
verb,B2,amuse,47407,558073
noun,B2,costume,47795,288584
pronoun,A2,somebody,47924,288584
noun,A2,adult,47929,558073
adverb,A2,inside,47929,558073
noun,A1,tiger,48304,558073
adverb,A2,clearly,48510,423798
noun,A1,way,48510,423798
verb,B1,hang,48943,40471
noun,A2,gate,49130,288584
adjective,A1,new,49343,452793
adjective,A1,great,49343,452793
adverb,A1,well,49494,551304
verb,B2,decorate,49494,551304
noun,A1,beach,50819,102411
noun,B1,tent,50937,48924
noun,A2,wood,50937,48924
noun,A1,cop,51216,230008
verb,A1,give,51216,230008
noun,A1,ticket,51216,230008
noun,A1,back,51386,102411
verb,A2,perform,51538,204186
noun,A2,trick,51538,204186
noun,B1,flock,51751,181666
noun,B2,goat,51751,181666
noun,A2,desert,52711,181666
noun,B1,setting,52711,181666
verb,B2,mess,52927,558073
noun,A1,white,52927,558073
noun,A1,breakfast,53393,452793
noun,B1,habitat,53860,181666
noun,A2,apartment,54215,543047
noun,A2,couple,54215,543047
noun,A1,couch,54215,543047
verb,A1,keep,55096,181666
noun,A2,police,55596,230008
noun,A1,officer,55596,230008
noun,A2,speed,57060,230008
noun,A2,trap,57060,230008
noun,A2,purpose,57060,230008
verb,A1,write,57060,230008
noun,B2,windshield,57071,565391
noun,B1,trail,59664,485802
noun,B2,living,59897,543047
adjective,A2,purple,59957,543047
adjective,B2,idle,60801,230008
noun,A2,bush,60801,230008
noun,B1,dozen,60806,412894
verb,A1,run,60988,103548
noun,A1,sheep,60988,103548
adjective,B2,rural,60988,103548
adjective,A1,busy,61205,412894
noun,A2,tram,61306,86220
noun,A1,town,61306,86220
adverb,A1,straight,61341,485802
adverb,A2,up,61341,485802
adjective,A1,high,61341,485802
noun,B2,tail,61341,485802
noun,B1,port,61954,99054
noun,A1,run,61954,99054
noun,A1,row,61967,26564
noun,A2,silver,62809,86220
noun,B1,bunch,64487,412894
verb,A2,cross,64487,412894
verb,B1,service,64750,99054
noun,A1,worker,64750,99054
noun,A2,flight,65761,99054
noun,A2,image,67119,62025
noun,A1,hotel,67119,62025
adjective,A1,ugly,67119,62025
adjective,B1,residential,67122,489091
adjective,A2,modern,67122,489091
noun,A1,look,67122,489091
verb,B2,upgrade,67122,489091
noun,B1,accessory,67122,489091
noun,A2,runner,67687,103548
noun,B1,luxury,67910,412894
verb,B1,contain,68021,155154
adjective,B1,various,68021,155154
noun,B1,device,68021,155154
noun,A2,museum,68948,71711
noun,A1,war,68948,71711
verb,A1,clean,69090,489091
preposition,A1,like,69484,437392
verb,B2,stuff,69484,437392
noun,B1,monster,69562,437392
noun,A1,eye,69562,437392
adjective,A2,significant,70292,155154
noun,B2,modification,70292,155154
noun,B1,pattern,70521,571804
noun,A2,handle,70739,155154
adjective,B2,antique,70908,308631
preposition,A1,below,71652,62025
noun,A1,collection,72558,571804
adjective,A2,indoor,72914,71711
noun,B1,fine,73044,571804
verb,A1,stay,73044,571804
noun,B1,sort,73388,155154
noun,B1,facility,73388,155154
adverb,A2,possibly,73388,155154
verb,B1,stare,74130,304560
noun,A1,tea,75162,571804
noun,A1,world,75935,71711
noun,A1,paper,76287,85576
noun,A2,roll,76602,85576
verb,B1,bust,76767,85576
adjective,B1,tiny,76925,423971
noun,A2,container,77355,85576
verb,A2,need,77355,85576
adverb,A2,around,77508,85576
adjective,A1,nice,77508,85576
noun,A2,set,77508,85576
noun,A1,bar,77508,85576
noun,B2,lid,77651,423971
pronoun,A1,I,79362,304560
verb,A1,build,79530,308631
verb,B1,race,79530,308631
adverb,B1,directly,79596,304560
verb,A2,gather,80049,308631
adjective,A1,dirty,80049,308631
noun,A1,lady,80401,78404
adjective,B1,partial,81169,221708
noun,A2,lamp,81169,221708
noun,B1,van,81302,270066
adverb,A1,almost,81710,348708
adjective,B2,concrete,82985,224051
adverb,A2,pretty,83059,163746
noun,A1,church,83060,382122
adjective,B1,massive,83060,382122
noun,A1,clock,83060,382122
adjective,B1,narrow,83432,382122
adverb,A2,nearly,83639,348708
noun,A1,spot,83855,270066
pronoun,A1,something,84386,348708
adjective,B1,maximum,84466,78404
noun,A2,weight,84466,78404
noun,B1,capacity,84466,78404
verb,B2,strain,84466,78404
noun,A1,number,84640,26204
noun,B1,kitten,85477,209747
verb,A1,change,85528,26204
adjective,B2,identical,85903,163746
adjective,B1,minor,85903,163746
noun,A2,coast,85903,163746
noun,A2,fence,85904,382122
verb,A2,prepare,86353,575205
noun,A2,highway,86705,224051
verb,A1,play,86767,163746
noun,B1,height,86768,382122
adverb,A1,really,88102,163746
noun,A1,camp,89288,571857
adjective,A2,sandy,89288,571857
adjective,A1,sad,90103,209747
noun,A1,brush,90103,209747
noun,B2,rim,90103,209747
noun,B1,reflection,91308,202228
noun,B1,skin,92122,209747
adjective,B2,vacant,92569,194832
noun,A2,direction,92569,194832
noun,B1,roadside,93257,224051
noun,A2,tone,94254,147518
noun,B2,inside,94354,194832
noun,A1,cloth,95656,194832
pronoun,A2,himself,95973,202228
adjective,B1,shiny,96055,55002
pronoun,A1,someone,96529,55002
noun,A1,football,97108,17379
noun,A1,game,97108,17379
noun,A2,slice,97929,243204
noun,A1,bread,97929,243204
verb,A2,camp,98324,571857
noun,B1,tissue,98883,147518
noun,A1,box,98883,147518
noun,A2,photographer,99496,55002
noun,A1,shoe,99496,55002
adjective,B1,visible,99496,55002
noun,B1,race,100329,214192
verb,B2,adorn,100348,17379
verb,A1,drink,100570,134096
noun,A1,video,100684,17379
noun,A1,winter,100875,243204
noun,B2,clothing,100875,243204
noun,A2,scarf,100875,243204
noun,A2,cooking,100875,243204
verb,B1,attempt,101329,134096
verb,A1,get,101329,134096
noun,A1,drink,101329,134096
noun,B1,competitor,101382,214192
preposition,A2,during,101382,214192
noun,A2,competition,101382,214192
adverb,A1,away,101633,425221
noun,A1,island,103531,216497
noun,B2,trailer,104375,515266
noun,A2,fighter,106019,90631
noun,B2,arch,106595,427338
noun,B1,helmet,106845,58705
noun,B1,equipment,107221,441586
verb,B1,resemble,107221,441586
noun,A1,wheel,107221,441586
noun,B1,terminal,107234,425221
preposition,A2,outside,107234,425221
noun,B1,marble,107392,302760
noun,A1,shopping,107395,252219
noun,A1,turn,107862,214192
noun,A1,painting,108418,216497
adjective,B1,homeless,109132,252219
verb,A2,beg,109132,252219
noun,A2,cash,109132,252219
noun,A2,plant,109157,354072
noun,B1,cattle,109351,206135
adjective,A1,quiet,110435,425221
noun,A1,hall,110435,425221
adverb,A1,right,110649,163155
adjective,A2,silver,110659,308799
verb,A1,cook,112014,243204
noun,B1,sand,112654,441586
adjective,A2,back,112720,216497
noun,B1,edge,113922,163155
noun,B2,porch,113922,163155
adjective,B2,contemporary,114166,308799
noun,A2,position,114174,163155
noun,A1,cup,114199,252219
adjective,B1,round,114767,354072
adjective,B2,neat,114822,360564
noun,B1,trim,114822,360564
noun,B1,distance,116851,216497
noun,A1,bridge,117569,1761
adjective,B1,huge,118293,3661
adverb,A2,still,118293,3661
verb,B1,fry,118731,243204
adjective,A1,thick,119284,441586
noun,A1,opera,119546,1761
adjective,A1,snowy,119638,98520
noun,A2,roof,120292,267351
verb,A1,read,120292,267351
noun,A2,oven,121102,308799
verb,B2,mount,121964,205514
adjective,B1,circular,122678,354072
noun,B1,arrangement,123776,221502
preposition,A2,against,124333,267351
verb,A1,blow,124680,211825
noun,A1,party,124827,58705
noun,A1,bell,126355,267351
noun,A1,blue,126610,456394
noun,A1,weather,127682,553776
verb,A1,brush,128196,465179
noun,A1,tooth,128196,465179
noun,A1,stand,129547,571718
noun,B1,comment,129825,332455
noun,A2,gas,130118,527220
noun,A1,sign,130118,527220
verb,B1,smile,130602,465179
noun,B1,ruin,130715,427338
noun,B2,outline,131154,360564
adjective,B1,scenic,132245,427338
noun,A2,rock,132245,427338
verb,B1,abandon,132569,427338
noun,A1,price,133025,527220
adjective,B1,male,136170,122217
noun,B2,skateboarder,136170,122217
verb,B2,roll,136170,122217
noun,B1,slope,136170,122217
verb,A1,sell,136507,571718
noun,A1,fire,136635,168337
verb,B1,coast,137943,122217
noun,A2,skate,140499,122217
noun,A1,board,140499,122217
noun,B2,skateboard,142149,122217
adverb,A1,only,142550,382734
noun,B1,luggage,142815,168337
verb,A2,lie,142944,360943
adverb,B2,that,144005,382734
noun,A1,bottle,144382,302760
noun,B2,tulip,144466,136355
adjective,A1,fat,145674,360943
noun,B2,deck,145674,360943
noun,A1,pool,146258,67213
verb,B1,lift,146298,332455
verb,A1,laugh,147022,357737
verb,B1,attach,147022,357737
adjective,A1,same,149624,368940
noun,A1,farmer,151983,139099
noun,A2,market,151983,139099
noun,A2,pilot,153350,144114
verb,A1,talk,153930,139099
noun,A2,capital,154012,255917
noun,B2,ramp,154232,481573
verb,A1,jump,154613,67213
noun,B1,quantity,155097,165681
verb,A2,reach,155228,170893
noun,B2,merchandise,155331,139099
noun,A2,blanket,156046,30828
noun,B1,collar,156061,554002
noun,B2,dash,156231,107087
verb,A2,mark,157430,67213
verb,B1,smell,158549,170893
noun,A1,mouth,158714,170893
verb,B1,grab,158714,170893
adverb,A1,above,159770,21839
adjective,A2,early,159782,555597
noun,A1,hand,159962,163562
adjective,B1,historic,160466,555597
noun,B1,element,160466,555597
preposition,B2,alongside,160466,555597
noun,A2,pack,161119,30828
noun,B1,signal,162232,522751
verb,A2,train,162431,213816
verb,A1,open,162431,213816
noun,A2,lake,163061,163562
noun,A1,subway,163235,213816
verb,A2,bend,165228,404484
noun,B2,leash,166249,554002
noun,B2,pedestrian,167075,21839
adjective,A2,female,167751,404484
noun,A1,play,167751,404484
verb,B1,stir,168051,281032
verb,A2,roast,168051,281032
noun,A2,pan,168051,281032
adjective,B1,central,168426,307145
noun,A1,restaurant,168831,281032
noun,A2,ski,169315,2532
noun,A2,range,170373,307145
noun,B2,stain,172023,481404
adverb,A1,here,172083,194875
adjective,B2,rocky,172360,472623
noun,A2,shore,172360,472623
noun,A1,cover,173362,251065
verb,A1,cut,173604,25096
verb,B1,shape,173604,25096
noun,A2,shade,175693,485895
verb,B2,balance,175846,472623
noun,A2,clown,176107,156071
noun,A2,audience,176107,156071
noun,B1,palm,176156,384850
noun,A1,guy,176257,472623
noun,A1,snow,176413,2532
adjective,A1,middle,176885,491090
adjective,A2,aged,176885,491090
verb,B2,lean,176885,491090
noun,A1,sport,176885,491090
adjective,A2,additional,177335,435003
preposition,A1,about,177781,554002
noun,A1,knee,177781,554002
verb,B1,compete,178091,67213
noun,B2,jump,178091,67213
noun,A1,contest,178091,67213
verb,B1,dig,180163,146667
pronoun,A1,she,180163,146667
verb,B1,tie,180858,281032
noun,A1,event,181621,156071
noun,B1,cliff,182098,472623
verb,A1,draw,182292,29187
noun,B1,carriage,182292,29187
noun,A2,cupboard,183141,222825
noun,A1,tomato,184130,402346
verb,B1,ski,184681,2532
noun,A1,hill,184681,2532
noun,A1,shelf,184986,53505
adverb,B1,brightly,185081,458768
adjective,A2,natural,185081,458768
noun,B2,ornament,185586,481404
noun,B2,arena,185602,156071
noun,B1,variety,186030,53505
adjective,A2,plastic,186062,293044
noun,B2,mutton,186241,156071
verb,A1,put,186814,146667
preposition,A2,without,187008,570782
noun,B1,dishwasher,188415,127182
noun,A2,suit,189060,69213
noun,B1,engine,189234,520324
noun,A1,place,189789,481404
noun,A2,shape,189936,25096
noun,A1,yard,190649,458768
noun,B1,accent,190914,53505
verb,A2,smoke,192213,297578
noun,A2,cigarette,192213,297578
adjective,A2,handicapped,195091,243495
noun,B1,pot,195569,221502
adjective,B2,inside,197100,481404
verb,B1,design,197853,25096
adjective,A1,wonderful,198755,15272
noun,A2,contrast,198755,15272
noun,B1,leave,198755,15272
verb,A2,pour,199225,553094
noun,B1,wing,199225,553094
adjective,B1,numerous,199394,70774
adjective,A2,simple,199497,286907
noun,A1,match,199509,297578
noun,B2,tan,199935,297578
noun,A1,lunch,200837,293044
noun,A1,sandwich,200837,293044
noun,A2,carrot,200837,293044
noun,A1,salad,200837,293044
noun,B1,cage,200963,70774
verb,A1,miss,201252,570782
noun,B1,net,201749,92124
noun,A1,smoking,201871,553094
noun,B2,motorbike,204059,70774
verb,A1,turn,204116,15272
noun,A2,bloom,204116,15272
noun,B2,microwave,204330,97022
noun,B1,spice,205637,45229
noun,A2,bookcase,205637,45229
noun,A1,pair,205688,408112
noun,B2,cone,205688,408112
noun,A2,village,205830,69213
adjective,A1,foggy,206147,45229
adjective,A2,mobile,206254,414510
verb,A1,help,206254,414510
verb,A2,injure,206254,414510
noun,B1,straw,206590,455624
noun,B1,protection,206590,455624
noun,A1,block,206684,84752
verb,A1,speak,207955,323263
noun,B2,nut,208182,405432
verb,A2,appear,209244,462614
noun,B1,crop,209319,520324
verb,A1,work,209826,441247
noun,B2,blossom,210248,15272
noun,A1,post,210968,84752
noun,B2,rack,211955,536343
adjective,B2,far,211955,536343
noun,A1,end,211955,536343
noun,A1,example,212448,462614
adjective,B1,fallen,213874,414510
adjective,A1,poor,213979,323263
noun,A1,business,215245,224724
adverb,A2,partly,217002,208901
noun,B2,bud,217370,15272
noun,A1,egg,218182,580294
verb,B1,float,221865,205401
noun,A1,mountain,221865,205401
verb,A2,pack,221888,293044
noun,A2,tie,222411,262895
adjective,A2,wet,224364,489339
noun,A1,surf,224364,489339
conjunction,A2,for,224860,255917
adjective,B1,giant,225428,37670
adjective,A2,remote,225428,37670
noun,B1,curve,225487,152120
noun,A2,snack,226269,74209
noun,A2,force,227071,379453
noun,A1,kind,227170,580294
noun,B2,tray,227237,293044
noun,A2,sauce,227237,293044
noun,B2,pancake,227557,580294
adjective,B2,charming,227557,580294
noun,A1,school,228338,293044
verb,B1,approve,228338,293044
noun,A2,cleaner,228649,8211
noun,B1,rest,228649,8211
noun,A1,bean,229752,405432
adverb,A1,everywhere,229821,485424
noun,A1,black,230621,226408
adjective,A1,foreign,230718,405432
verb,B2,round,232522,152120
noun,A2,walking,232608,489339
noun,B1,cabin,233394,33854
noun,A2,stuff,234735,226984
noun,A1,time,235710,33854
verb,A1,feel,237428,226408
adjective,A1,happy,237428,226408
noun,A1,meal,237832,419974
adverb,B2,patiently,237832,419974
verb,B2,slice,239239,419974
noun,A1,meat,239239,419974
verb,B2,spray,241905,206411
noun,B1,heel,242302,467511
noun,B1,boot,242302,467511
noun,B1,pump,242302,467511
noun,B1,wildlife,242876,311295
adjective,A2,crowded,243405,206487
adjective,B1,dusty,244155,485424
noun,B1,supply,244155,485424
noun,A1,club,244484,44590
noun,A2,break,244484,44590
noun,B1,talk,244484,44590
noun,A1,drive,245342,11149
verb,B1,observe,245910,33638
noun,A1,owner,246280,419974
noun,A2,oak,246474,226984
adjective,B1,unable,246706,52017
noun,A1,river,246963,205401
adjective,B1,shallow,246963,205401
adjective,A2,perfect,247025,11149
adjective,A1,sunny,247025,11149
noun,A1,item,248169,485424
noun,A1,sea,248502,205401
verb,B2,approach,248502,205401
noun,A1,boat,248886,205401
adverb,B1,half,249579,167898
noun,B1,cut,250482,474786
verb,B1,expose,250482,474786
adjective,A2,military,250654,379453
noun,B1,hut,250986,485424
adverb,B1,nearby,251321,11149
noun,B2,rag,252873,226984
noun,A1,bottom,253666,379453
noun,B2,walker,255212,138639
adjective,B1,unique,255569,138639
noun,A1,design,255569,138639
verb,B1,view,256040,349184
adverb,A2,fairly,258246,262895
noun,B1,gentleman,258246,262895
adjective,B1,electronic,258341,37670
noun,A1,sofa,259501,170099
pronoun,A1,which,259543,343934
noun,B1,plastic,260603,290619
verb,A1,sing,260946,474786
adjective,B1,alike,261466,209613
noun,A2,pile,261466,209613
preposition,B2,amongst,263144,338219
noun,B1,border,263731,209613
verb,B1,stick,264402,365207
adjective,B2,stern,264912,262895
noun,A1,face,264912,262895
verb,A2,try,265168,386457
verb,B1,demonstrate,265976,37670
determiner,A1,these,266209,209613
noun,B2,barrier,266271,579902
noun,A1,pizza,266848,402433
noun,A1,button,267632,37670
noun,B1,opening,268483,386457
noun,A1,fly,268889,187745
adjective,A1,lazy,269979,77396
noun,A1,cheese,270238,402433
verb,B2,squeeze,270247,386457
noun,B1,grill,270332,44279
noun,A2,lane,271683,579902
adjective,A2,double,272212,103585
adverb,A2,off,272467,507081
noun,B2,microphone,273098,398905
noun,A2,daylight,273295,507081
noun,B1,beard,273578,398905
noun,A1,stage,273578,398905
noun,B2,aircraft,274916,459467
noun,A2,trouble,275358,77396
pronoun,A2,another,276078,77396
noun,B2,paw,276078,77396
noun,A2,sound,276662,398905
verb,A1,listen,276962,398905
noun,A1,music,276962,398905
noun,B2,employee,277255,173302
noun,A2,duck,278619,245513
verb,A2,include,279532,255401
noun,B2,lighting,280669,262440
noun,A1,umbrella,282386,185802
noun,B1,barrel,283140,382696
noun,B1,process,284481,382696
noun,A2,fashion,285325,164637
noun,A2,pink,285325,164637
adverb,B1,outdoors,285545,78748
pronoun,A1,some,286562,490936
verb,A1,pick,287006,389812
noun,A2,repair,288278,245448
noun,A1,family,289913,445658
verb,B1,crash,290252,292997
noun,A2,green,290899,2149
noun,A2,granny,290899,2149
noun,A1,smith,290899,2149
adjective,B1,above,291939,383606
adjective,A1,broken,292429,32941
noun,B2,concrete,292429,32941
noun,A1,paint,292534,149406
verb,A2,hit,293834,292997
noun,B1,wire,294186,263796
adjective,B1,nasty,294666,263796
noun,B2,cable,294666,263796
noun,B1,district,295045,133087
adverb,A2,all,295591,133087
noun,A1,knife,296546,2592
noun,B1,surface,296546,2592
adjective,A2,fresh,297199,2149
noun,A2,mug,297371,2592
verb,B2,lower,297546,452122
verb,A1,know,297627,531134
pronoun,A1,what,297627,531134
noun,B2,pirate,298082,2592
noun,A1,bone,298082,2592
noun,A2,bulb,299533,376310
noun,B2,route,300600,452122
noun,B1,land,301840,336309
verb,B1,construct,306999,157124
verb,B1,locate,309101,523229
adjective,B1,ripe,309149,550714
verb,B1,complete,309711,157124
verb,A2,offer,310790,550714
noun,A2,gold,312771,184762
verb,B2,relieve,314171,5503
pronoun,A2,themselves,314171,5503
adjective,B1,horrible,314513,523229
conjunction,B1,like,314513,523229
adjective,A1,good,314513,523229
noun,A1,language,314591,523229
noun,A2,drawing,315428,480021
noun,A1,grandfather,315513,184762
verb,B1,wave,315791,480021
noun,A1,point,317438,5503
verb,B2,pee,317438,5503
noun,B2,shooting,318035,5503
noun,A2,PC,318144,149222
noun,A1,mouse,318144,149222
noun,B2,formation,318252,300659
adjective,A1,right,320591,508370
noun,B2,outfit,321948,52996
adjective,B1,electrical,322035,363840
noun,A2,soldier,322128,52996
noun,A2,chef,322772,199771
adjective,A2,opposite,323160,241319
noun,A2,citizen,323670,52996
adjective,A2,online,323730,149222
pronoun,A1,each,323970,241319
verb,A1,teach,324326,199771
noun,A1,class,324326,199771
verb,B2,aspire,324326,199771
noun,A2,model,324716,502599
verb,A2,hand,324716,502599
adjective,A1,pretty,325213,186980
noun,A2,path,327005,37751
verb,B2,suspend,329867,502599
noun,B1,puppy,330217,329219
verb,B1,sign,330309,480944
verb,B1,furnish,330396,529568
verb,B2,purchase,339465,361586
verb,A2,serve,340147,182611
adjective,A2,private,340147,182611
adverb,A2,somewhere,340689,361586
noun,A2,customer,344406,361586
noun,A1,body,345018,98716
adjective,A1,interesting,345805,429598
noun,B1,mustard,347721,5477
adverb,A1,already,348983,351609
verb,B1,group,348983,351609
noun,B1,snowboard,349967,117645
adjective,B1,artistic,350217,66841
noun,A1,nose,350217,66841
noun,A1,ear,350217,66841
verb,A2,mix,350217,66841
adjective,A2,whole,352997,351609
adjective,A2,classic,353356,491213
verb,B2,steer,353568,57672
noun,A2,expression,354066,66841
noun,A1,life,354417,57672
verb,B2,row,354417,57672
verb,A1,let,356722,199977
adverb,A1,down,357874,199977
noun,A1,date,359172,68833
determiner,A1,that,359461,429598
adjective,B1,upper,360710,524850
noun,A2,load,360815,524850
verb,B2,unload,360815,524850
adverb,A1,along,361134,57672
adjective,B1,medium,362511,437898
noun,B2,fume,362797,199977
verb,B2,plug,363280,232348
adjective,B2,very,364038,140658
adjective,A2,professional,364658,84241
noun,A1,kid,364825,102331
noun,A2,structure,366168,140658
adjective,A2,necessary,366534,437898
noun,A1,friend,367351,275749
adjective,B2,oral,367796,492878
noun,A1,care,367796,492878
noun,B1,vein,369282,140658
noun,B2,dock,369846,345027
verb,B1,back,370063,266400
noun,A1,apron,370584,397133
verb,B1,bar,372090,519569
verb,B2,separate,372090,519569
noun,B1,baker,372252,397133
adjective,B1,rolling,372252,397133
noun,B2,utility,372702,345027
noun,A1,hold,373016,446651
adverb,B2,tight,373016,446651
noun,A1,father,373016,446651
noun,A1,hour,374260,301376
noun,A2,suitcase,374692,312278
noun,A1,dad,374714,446651
adverb,A2,so,375450,345027
noun,B1,pie,375891,397133
adverb,A1,about,376137,404128
noun,A1,plan,376326,404128
pronoun,A1,anything,376583,408696
conjunction,A1,if,376907,484415
adverb,B1,highly,376971,263474
noun,A1,call,377479,135673
noun,A1,shoulder,377837,227478
noun,A2,brand,377983,480985
noun,B1,tank,379979,484415
verb,B2,clog,380851,254814
adjective,A1,interested,381033,131273
noun,B1,bureau,382716,169076
adjective,B1,ordinary,383673,263474
noun,B1,bin,383673,263474
noun,B2,novelty,384302,288062
verb,A2,raise,385150,177935
noun,A1,cook,386368,177935
adjective,B1,outdoor,386918,288062
noun,B2,theme,386918,288062
adjective,A2,unusual,391118,288062
verb,B2,frame,393940,342295
verb,B2,store,393940,342295
adjective,B1,near,394283,383621
noun,A1,reading,394668,491497
noun,A1,art,394846,342295
verb,A2,climb,395364,32817
adverb,B2,nicely,396198,491497
noun,B2,liner,396892,410221
noun,A2,power,396982,410221
noun,A1,skirt,397906,42102
verb,A2,spill,398202,32817
verb,A2,repair,398520,32817
noun,A1,moon,399251,22396
noun,A1,quarter,400283,22396
verb,B2,sniff,400610,579321
noun,A1,coat,401323,42102
noun,B1,jungle,402368,389812
noun,A2,male,402628,17436
noun,B1,amount,404159,490936
noun,A2,chain,404427,328959
noun,A2,shell,406886,323202
noun,A1,site,407101,463037
adjective,A2,square,413220,409358
verb,B1,gain,414429,392481
noun,B2,altitude,414429,392481
noun,B1,fancy,414461,172083
verb,B2,stain,414461,172083
adjective,A1,cool,414479,172083
verb,B2,redo,415265,172083
verb,A1,break,415537,267903
noun,B1,comedian,417009,433915
noun,A1,singer,417009,433915
adjective,B1,tasty,419026,537241
noun,A1,interview,419316,433915
verb,B2,merge,420747,433915
noun,A1,section,420917,89761
noun,B2,splatter,421652,104803
noun,A2,square,421840,537241
noun,B1,wax,421840,537241
noun,A2,cruise,422320,422706
noun,A1,ship,422320,422706
noun,A2,emergency,423196,422706
noun,A2,policeman,424081,538364
noun,A2,contact,425574,482436
verb,B1,lead,425913,162858
noun,A2,menu,426642,482436
adjective,B2,rusty,426880,267903
noun,B2,lawn,427180,291791
noun,A1,sugar,428020,537241
noun,A2,thought,429305,22371
noun,A1,pen,429305,22371
noun,B1,log,430151,287545
noun,A1,rain,434064,267537
noun,A2,stadium,434064,267537
noun,B1,army,434575,291791
adjective,A1,second,434681,131138
noun,A1,wind,437633,498286
verb,A2,point,438722,214869
determiner,A1,both,438952,336232
verb,A1,start,439981,66231
noun,A1,fish,442190,74058
noun,A2,belt,443018,214869
noun,A2,basket,443963,256941
noun,B1,transportation,444129,142324
noun,A1,order,444311,566042
noun,A1,case,445070,214869
noun,B1,hip,445070,214869
adjective,B1,virtual,445090,56350
noun,B1,sheriff,445713,136715
adjective,B1,sheer,446205,351362
noun,A1,radio,448315,517523
adjective,A2,used,451921,458054
adjective,A2,low,454512,183500
noun,A2,pasta,456593,210032
noun,A2,belly,458127,567432
verb,B2,transport,460269,570834
verb,B1,bite,460763,210032
noun,B1,maple,461370,10977
verb,B1,arrange,463383,96001
noun,A1,cookie,464324,487583
adjective,B1,stylish,464364,505169
verb,A1,say,467519,293245
noun,A1,bear,468291,376442
adjective,B1,disgusting,469945,154718
adjective,B1,bent,472377,481386
verb,B2,load,472559,111086
noun,A1,role,472942,154718
noun,B2,kangaroo,476201,384350
noun,B1,bacon,476779,468925
noun,A1,hamburger,476779,468925
noun,A1,holiday,477725,166521
noun,A1,chicken,477901,468925
noun,A2,steak,477901,468925
noun,A2,sausage,478255,468925
noun,A2,mystery,478554,356347
noun,A1,flag,479762,424776
noun,A2,symbol,479762,424776
adverb,B2,solo,480305,424776
noun,A1,tube,482093,166521
noun,A2,entertainment,483455,166521
noun,A1,movie,483901,187249
verb,B2,threaten,483901,187249
noun,B1,razor,483901,187249
noun,B2,blade,483901,187249
noun,A1,soup,484074,356347
noun,B2,stew,484074,356347
adverb,A2,on,484489,187249
noun,B1,mineral,484906,187249
noun,A2,court,485194,479126
verb,B1,restore,488591,493286
noun,A2,product,491321,34760
verb,A2,shoot,491869,484760
noun,A1,ball,492577,484760
noun,B2,gang,492600,226417
verb,A2,adjust,496474,465129
noun,B1,pineapple,497433,472046
noun,B2,understanding,497536,251140
verb,B1,maintain,497536,251140
verb,A2,explain,498532,251140
noun,B2,component,498532,251140
noun,B1,liquid,499576,465129
verb,B1,fix,500395,251140
noun,B2,manual,500413,251140
verb,B1,negotiate,501864,226417
noun,A2,cereal,502270,512476
noun,A2,youth,505756,314177
conjunction,A1,but,507367,403385
noun,B1,basement,510313,403385
verb,B2,chew,510562,61471
adjective,B2,shabby,510664,403385
verb,A1,visit,511203,507037
noun,B1,bow,511549,512476
verb,B1,enclose,512787,45596
noun,B2,perspective,513329,22396
noun,B1,carpet,515353,42102
noun,B2,fireplace,515775,41872
noun,A2,passage,516276,45596
noun,B1,broccoli,517159,3845
noun,A1,rice,517159,3845
noun,A1,dinner,518170,3845
noun,A1,vegetable,518170,3845
adjective,A1,rainy,519279,45596
adjective,B1,abnormal,523935,23666
noun,A1,CD,529381,457078
verb,B2,lick,531561,267300
adjective,B1,bald,532585,457078
noun,B1,concept,532834,91615
preposition,B1,beneath,533834,522713
adjective,A1,delicious,538817,532129
noun,B1,poverty,539755,98018
noun,B1,toothpaste,541063,327769
noun,B2,rug,541326,267670
verb,A2,lose,541384,17207
noun,A2,right,543463,17207
noun,A2,valley,544729,208208
noun,B2,tag,545998,322429
noun,A2,support,546110,442480
adjective,B2,external,547173,502136
adjective,A1,personal,548069,42276
noun,B1,jar,549817,506310
noun,B1,pottery,551248,322429
verb,B2,soar,552006,543528
noun,B1,ad,553484,530836
noun,A1,guitar,554131,297353
noun,B1,hairdryer,556990,178028
noun,A2,plenty,557084,227511
noun,B1,mess,557771,42276
noun,A2,pear,558877,213935
noun,A1,zoo,559048,22969
noun,A2,advertisement,560072,530836
adjective,B1,sharp,563039,7816
adverb,A2,online,564632,229659
adverb,B1,slightly,564632,229659
verb,A2,consist,566884,192047
verb,A2,explore,568432,22969
noun,B1,sticker,569271,557258
adjective,B2,sexual,575142,557258
noun,A2,unit,575142,557258
noun,B1,builder,578295,557258
adjective,B1,stormy,579494,161044
noun,B2,plum,579942,482719
noun,B2,good,581321,17899
noun,B1,flow,581736,181542
verb,B2,picture,592359,195165
noun,B1,safety,597281,180792
noun,A2,system,602591,581615
noun,A2,zone,607120,525322
adjective,B1,incredible,607120,525322
verb,B2,enhance,610398,210855
adjective,B2,elegant,610440,210855
noun,A1,smile,619636,466986
adjective,A2,alone,621263,132587
adjective,A2,raw,623784,352618
noun,B2,mango,623784,352618
verb,B2,crawl,624602,139871
conjunction,A1,that,624602,139871
pronoun,A1,everything,624602,139871
noun,A2,travel,625835,144300
preposition,A1,before,627387,454978
verb,A2,continue,627387,454978
noun,A1,ride,627387,454978
adjective,A2,asleep,627909,125850
adjective,A1,sick,628080,413552
noun,A2,temperature,628080,413552
noun,B1,limit,628167,454978
verb,B2,blur,628970,457848
noun,B1,arrow,632100,454978
noun,B1,tin,632313,125850
adjective,A2,basic,632349,248111
noun,A1,tool,632349,248111
adjective,A2,local,633148,259830
noun,B2,midst,633447,248111
noun,B1,opposite,634572,408830
adjective,A1,warm,635338,440475
noun,A2,feel,635338,440475
noun,A2,sunflower,635362,259830
adverb,B2,upright,637632,213445
noun,A2,advertising,637892,341058
adjective,A2,enormous,637977,36494
noun,B1,southwest,638173,579158
noun,B1,guess,638863,348216
noun,B2,mine,638863,348216
noun,B1,fair,638878,110042
verb,A2,call,638878,110042
noun,A2,entrance,640198,466339
verb,A2,move,640795,309391
adjective,A2,average,641935,117914
adjective,B2,dim,642286,348216
adjective,A1,rich,643009,440475
noun,A2,feature,643009,440475
verb,A2,post,644988,394328
adjective,B1,worn,648399,260657
adjective,B2,dental,649953,560474
adjective,B2,creepy,650736,560474
noun,B2,user,650948,108026
noun,B2,cyclist,651779,395180
noun,B2,shed,652153,297147
adverb,A1,also,652349,58539
adjective,B1,primitive,652558,485844
noun,A2,kit,652704,456292
noun,B2,housewife,652957,485844
noun,A1,action,653150,228942
noun,A2,athlete,654318,87038
preposition,A2,among,654453,367680
verb,A2,fall,654543,87038
noun,A2,stair,655848,464689
noun,A1,turkey,656026,485844
verb,A1,add,656141,529966
preposition,A1,than,656141,529966
verb,B1,advertise,657645,260657
noun,A1,bank,658610,395180
noun,A1,sale,660773,482100
noun,A2,lemon,661784,529966
noun,A1,farm,661975,462756
noun,A2,elephant,665512,173799
noun,B2,stick,667162,173799
adjective,B1,messy,667815,7574
noun,B1,movement,671660,129322
verb,A2,follow,673785,225184
noun,B2,corridor,674180,488592
noun,A2,beer,674449,474095
noun,B2,interior,677839,78266
noun,B2,motorist,678560,296649
adjective,B1,industrial,681442,78266
adjective,A1,heavy,681791,296649
noun,B1,grouping,689928,466835
adverb,A2,low,692267,502347
verb,A2,develop,695063,502347
noun,B2,backyard,695093,394199
pronoun,A1,any,695754,59920
noun,B2,tunnel,696877,178982
noun,A2,junk,697294,222094
noun,A2,cooker,698961,175364
noun,A1,neck,699119,394199
noun,B2,drain,699987,59920
noun,A1,newspaper,701091,16249
noun,B1,tongue,701211,546976
verb,B2,kneel,701882,425226
noun,B2,rainbow,701977,560279
noun,A2,ray,703717,560279
noun,B1,gesture,703722,546976
adverb,A2,sure,703842,16249
verb,A2,cause,705558,210273
noun,A2,jam,705558,210273
verb,B1,stretch,705734,168619
noun,A2,bookshelf,706593,509260
adverb,A2,downstairs,708977,350122
noun,B1,railway,709415,350122
verb,B1,search,715136,425226
noun,B1,series,716299,193926
adjective,B1,outward,717009,361621
verb,B2,jam,717015,574702
verb,B2,manipulate,717603,565012
adverb,A1,then,718068,346703
noun,B1,capture,720015,565012
adjective,B1,total,720958,555012
verb,B1,capture,721056,565012
noun,B1,sunset,721056,565012
adjective,A1,slow,721056,565012
adjective,A2,tidy,724533,488075
noun,A2,pass,725937,488075
noun,B2,residence,725937,488075
preposition,A2,within,726945,138819
noun,B2,trunk,728509,78823
noun,B1,isle,729796,471991
noun,B1,brass,730907,111951
adjective,B2,decorative,730907,111951
noun,A2,guard,732055,193926
pronoun,A1,you,733653,32285
noun,B2,linen,733653,32285
adjective,B2,outside,734572,266206
noun,A1,course,738417,145620
verb,B1,tumble,738661,554291
noun,A2,scale,738661,554291
noun,B1,strawberry,739494,136772
noun,A2,climbing,740941,554291
noun,B2,wit,741043,6213
adjective,B1,protective,741057,145620
verb,A2,reveal,742866,416745
noun,B1,medium,743899,520301
verb,B1,rush,743917,520301
noun,A2,glove,746862,3156
noun,A2,gun,748257,114770
adverb,B1,barely,749864,488270
noun,B2,radar,752284,323709
noun,A2,inch,752431,488270
verb,A1,drop,756382,144706
noun,A2,fog,757365,165518
adjective,A2,regular,760751,447169
noun,B2,fox,760918,165518
noun,A2,drop,761720,144706
noun,A1,library,762030,283785
noun,A1,character,762030,283785
noun,B1,presentation,762030,283785
noun,B1,sphere,762451,323709
noun,B1,calculator,764397,248314
pronoun,A1,hers,765635,491071
verb,B1,entertain,768243,283785
noun,B1,powder,768616,550797
noun,B1,transport,768954,508482
noun,B1,entry,769293,508482
adjective,A1,easy,769293,508482
verb,B1,match,772304,491071
noun,B2,spa,775509,241602
noun,B1,stripe,775509,241602
noun,A2,material,776965,352584
noun,B1,sparkle,776965,352584
noun,A1,milk,777132,376365
noun,A1,luck,782082,376365
verb,B1,monitor,784557,386912
noun,B1,exit,789997,245102
noun,B2,navy,791172,131386
noun,B1,sequence,791172,131386
verb,A2,snow,791269,245102
verb,B2,dip,792068,54654
verb,B1,burn,792197,129113
noun,A1,conversation,792459,438774
noun,B1,annoyance,794057,157807
noun,B2,cardboard,795655,363875
noun,A1,hole,796053,564023
adjective,A1,closed,797045,157807
verb,B1,fold,798262,363875
noun,A2,brown,798475,66561
conjunction,B1,until,800197,261888
verb,A1,begin,800693,445834
noun,A1,mother,801268,66561
noun,A1,cap,801288,13177
noun,B1,baggage,802427,292456
adverb,A1,alone,803818,261888
adjective,B1,pale,806820,575970
adjective,A2,educational,807691,200839
noun,A1,mobile,808543,200839
noun,B2,convention,812004,279887
adjective,B2,descriptive,812973,279887
adjective,B1,shocked,813814,123480
noun,A1,sunshine,818708,290768
noun,B2,necessity,819516,262440
pronoun,A2,one,821945,479126
noun,B2,conductor,822879,570834
noun,B1,sleeve,823149,170099
noun,A2,castle,824203,234807
noun,A1,burger,825720,210032
verb,B2,chop,825796,136772
adjective,A2,separate,827023,6213
noun,B2,fabric,303,357501
noun,B1,railroad,1946,221213
verb,B2,hook,2174,569030
noun,B1,skyscraper,5025,343976
noun,B1,glide,6229,151516
noun,B1,craft,6459,357501
adjective,B1,scary,6942,402096
noun,B1,bulletin,8265,148999
noun,A2,nature,8353,263299
noun,B2,crew,9251,183246
verb,B2,browse,9488,394611
adjective,B1,past,9501,148999
noun,A1,parent,9505,25593
noun,B2,eagle,10090,151516
noun,A2,text,10528,25593
noun,B1,lift,10658,183246
verb,B1,feed,11106,234526
noun,A1,circle,11565,402096
noun,B2,fleet,13363,353518
adjective,B2,icy,14367,232646
noun,B2,individual,17338,439593
noun,A2,wool,17678,500477
noun,B1,tide,18412,353518
noun,B2,environment,18752,581100
noun,A2,tour,19182,249219
noun,B1,logo,19182,249219
adverb,B2,underneath,19269,343976
verb,B2,soak,19680,354829
adjective,A2,major,20046,124277
verb,B1,shave,20387,500477
noun,A1,leaf,21012,234526
verb,A2,allow,22939,474452
determiner,A1,any,22939,474452
noun,B2,pallet,25730,118515
noun,A2,mall,26626,474452
noun,A1,name,32168,228771
noun,B1,pond,32540,235057
noun,A2,branch,34549,106881
noun,A2,countryside,34864,225946
verb,A2,head,35250,558421
adjective,B1,current,37556,283037
verb,B1,speed,38138,283037
verb,A1,buy,38138,283037
noun,B1,crossing,38848,225946
adverb,A1,past,40109,322610
adjective,B1,festive,40382,345361
noun,A1,picnic,40730,345361
noun,B2,limb,41173,106881
noun,B2,swan,41217,31322
verb,A1,swim,41217,31322
noun,A2,bay,41217,31322
noun,A2,storm,42334,269682
adverb,A2,probably,42334,269682
verb,B2,leak,43247,427500
noun,B2,hay,46077,151662
noun,B1,bronze,46331,519491
adjective,B2,sexy,46768,48153
adjective,B1,adorable,46860,377575
adjective,A1,short,47420,427500
noun,B2,explorer,50790,365655
noun,A2,sightseeing,51504,365655
noun,B1,lamb,52067,459437
noun,B2,fighting,52946,420472
noun,B1,sweatshirt,53843,525155
noun,A2,bill,55624,436551
noun,A1,sight,60792,365655
noun,A2,tourist,60792,365655
verb,B1,name,61192,461275
noun,B2,wait,61218,88462
noun,A1,coach,61589,171298
noun,B1,signpost,62896,94751
noun,A1,taxi,63033,423617
noun,B2,cast,63411,295713
noun,B1,fur,68269,166259
verb,B2,state,68943,502910
noun,A2,adventure,68986,508917
adverb,A2,far,69065,479099
adjective,B1,distant,69065,479099
noun,A1,garden,69065,479099
adjective,A2,political,70088,143931
noun,B2,candidate,70088,143931
verb,B1,protect,70998,445365
noun,B2,campaign,71612,143931
verb,A1,arrive,74110,508917
noun,B2,daytime,74224,494863
adjective,B1,historical,75205,520009
noun,A2,playground,75373,146498
noun,A1,homework,80244,341921
conjunction,A1,because,81115,57149
adverb,A2,ahead,81376,501023
noun,A2,cafeteria,83084,82696
noun,A2,east,89327,176701
adjective,A2,third,90339,157098
verb,A1,push,91299,50145
adjective,B1,entire,93899,222458
noun,B2,patch,95355,322829
adjective,A2,extra,97894,568290
verb,B2,articulate,99964,568290
adjective,A1,first,99964,568290
adjective,B1,dull,99964,568290
adverb,A2,slowly,102942,122927
verb,B1,illuminate,103650,502229
adverb,A1,below,103650,502229
noun,B1,mud,104068,461573
adjective,B1,stable,107004,183104
noun,B1,avenue,107828,312549
verb,B1,melt,109116,207728
noun,B1,rise,109348,268996
adjective,A2,final,110807,137950
noun,B1,approach,110807,137950
noun,B2,beak,112705,167902
adjective,A2,surprised,113073,547383
preposition,A1,after,113163,333069
verb,B1,knock,118347,338718
noun,B1,function,120279,527616
noun,A2,medal,122800,461573
noun,B1,politician,128262,527616
adjective,A2,inner,130857,255718
noun,B2,trolley,131996,514376
noun,A1,butter,132086,153632
verb,B1,direct,133648,41488
verb,B1,plant,136962,255718
adverb,B1,firmly,136962,255718
verb,A2,admire,137141,478862
adverb,A1,again,138793,344029
pronoun,A1,these,138793,344029
adverb,B1,lately,138793,344029
noun,B2,restriction,138952,41488
verb,A2,attack,141097,222235
noun,B2,weed,141097,222235
noun,B1,steam,143754,429718
verb,A2,dry,148521,235252
verb,B2,pave,149116,344029
verb,A2,wander,151030,261712
pronoun,A1,both,157555,503841
noun,B2,wilderness,157773,235252
verb,A1,greet,160532,285894
noun,A2,visitor,160532,285894
noun,A2,writing,160624,226802
verb,B1,kiss,163181,78843
noun,B1,treat,163935,101780
noun,B1,crow,164522,441553
adverb,A2,long,168442,438269
verb,B1,bill,168442,438269
noun,A1,swimming,170153,23230
noun,B2,stake,172942,384616
verb,B1,fish,174326,1268
adjective,B1,shadowy,177349,113051
noun,A2,shadow,181259,563653
verb,B2,cast,181259,563653
verb,A2,enter,183174,448410
noun,A1,swim,183809,23230
noun,A1,afternoon,186776,88951
noun,B2,bumper,187248,454661
adjective,A2,human,187724,88951
noun,A1,partner,187724,88951
adjective,A2,similar,190977,454661
noun,B1,horn,194752,216739
verb,B2,rub,197118,278353
noun,B2,glow,198912,284762
noun,A1,pay,200537,170545
noun,A1,information,207623,196843
noun,B2,showcase,209521,468124
noun,A2,university,209521,468124
noun,B1,plug,210233,537355
adjective,A2,direct,210613,477118
noun,A1,word,214161,161128
adverb,A2,badly,216525,284445
verb,B2,tip,216525,284445
noun,B1,link,220823,11122
preposition,A2,beyond,224926,286849
verb,B2,await,228601,70254
noun,A1,love,231585,369812
conjunction,A1,so,232579,302452
verb,B2,suck,235807,302452
noun,B2,wolf,237660,305343
verb,B1,assume,237870,161128
verb,A1,mean,237870,161128
noun,B2,barn,243158,484893
noun,A2,company,243549,493566
noun,A1,lion,249668,253002
noun,B1,sword,249668,253002
noun,A1,letter,249942,493566
adverb,A1,now,251676,69138
noun,B2,owl,263162,149622
verb,B1,examine,267245,577862
verb,A2,indicate,270229,95899
noun,B1,location,271180,448810
verb,A2,throw,274799,431876
noun,B1,rubber,275176,340451
determiner,A1,every,275494,448810
noun,B2,donkey,277697,134034
noun,A1,map,278131,532530
verb,B2,hover,279266,269942
noun,B1,camel,284980,299720
adjective,A1,free,285099,475150
noun,B2,cane,285771,308394
verb,A1,love,286092,448448
verb,B1,press,287059,299720
noun,A1,star,288484,580757
adverb,A2,exactly,289513,580757
adjective,B2,patriotic,289513,580757
adverb,B1,warmly,289808,280710
verb,B1,ignore,294993,502336
noun,B2,canon,294993,502336
noun,A2,wave,305756,404568
verb,B1,type,308684,459153
noun,A1,purple,309851,577182
noun,B1,human,315732,361571
adjective,B1,vast,318647,298697
noun,B2,gangster,319743,151657
noun,B2,sparrow,320119,277051
noun,B1,switch,320178,270297
noun,A2,level,323411,311883
adjective,B1,formal,323748,151657
verb,A2,steal,324309,72852
noun,B2,tablecloth,324349,277051
verb,A2,accept,324377,575187
adjective,B2,slight,324640,314541
noun,B1,maintenance,324677,561679
adverb,A2,rather,331517,561679
noun,A1,Wednesday,331517,561679
noun,A2,sweater,331718,575187
noun,B2,suburb,331970,276720
noun,A1,subject,335343,171050
verb,A1,spend,338615,528862
noun,B2,pebble,339349,186938
noun,B1,mile,341051,550084
verb,A2,wonder,342806,528862
noun,A1,feed,345588,301981
adjective,B2,detailed,345652,104198
verb,B1,interact,356025,288882
noun,B2,berry,356989,176847
noun,A2,aisle,359194,432553
noun,A1,pig,359824,127135
noun,B1,protest,359824,127135
noun,B1,region,360916,213593
noun,B1,sigh,361300,297343
verb,A1,find,361508,357060
adjective,B1,peculiar,363042,560371
verb,B1,deliver,363490,127135
noun,A1,message,363490,127135
noun,A2,headphone,366619,150265
noun,A2,source,368060,563603
adjective,A2,adult,372589,33707
verb,B1,clear,372912,42628
conjunction,A2,though,376226,38048
verb,B2,bow,380869,259382
adjective,B1,solid,381322,259382
noun,B1,debris,383334,418959
verb,B2,spread,383794,259382
adverb,A2,apart,383794,259382
noun,A2,feather,386052,418959
noun,A1,factory,390780,279714
noun,A1,bat,395742,279714
noun,B2,pin,398808,279714
noun,B1,shrimp,398820,2923
verb,B2,prohibit,407567,226111
adjective,A1,famous,410755,1532
verb,B1,exit,412882,1532
noun,A2,skating,412931,226111
noun,B2,dawn,413249,15338
adjective,A1,strange,416810,41888
adjective,B2,extensive,419421,42178
noun,B1,network,419421,42178
verb,B1,require,419421,42178
noun,A2,figure,429395,221155
adjective,B1,fake,437858,414133
noun,A2,west,440389,500826
noun,A2,left,443399,321887
noun,B2,stack,450703,11615
adjective,A1,angry,451332,475732
adjective,A2,west,453444,310622
adjective,B1,graphic,458935,204871
adjective,A1,tired,462689,193717
noun,B2,booth,462707,320232
verb,B1,march,462724,100723
verb,B2,protest,462724,100723
noun,A2,murder,463168,100723
noun,A2,public,463307,320232
noun,B2,payment,463307,320232
noun,A2,fee,463832,320232
verb,A1,pay,463832,320232
noun,A2,crown,464218,100723
adverb,B1,lightly,464218,100723
verb,B1,attend,464218,100723
noun,A2,portrait,465871,17031
verb,B1,fade,467435,172856
noun,A2,drug,468346,138979
noun,B2,scheme,469927,338191
noun,A1,morning,478704,244379
adjective,B1,weird,479747,327601
noun,B1,department,482020,308391
verb,B2,ban,483275,276707
noun,A2,joke,483403,308391
verb,A1,believe,485634,522940
adjective,A2,international,487323,25181
adverb,A1,quickly,487995,211069
adverb,A1,behind,489557,456496
adjective,A1,left,490684,93154
verb,B2,punch,491397,130599
adjective,B1,innocent,491397,130599
noun,A2,seed,492207,284279
adjective,B1,prominent,493307,456496
verb,A1,grow,494486,499768
noun,A1,period,494509,184324
noun,B2,viewer,500756,15751
verb,A2,pretend,501018,130599
verb,B1,flow,501284,273198
adjective,B2,muddy,502850,273198
noun,A2,insect,504593,15751
verb,B1,relate,505051,572462
adjective,B2,dense,507424,472030
noun,B1,backpack,511408,472030
adjective,B1,nearby,513099,2923
adverb,B2,somewhat,513543,336587
adverb,A1,fast,514249,562448
adjective,B1,curious,515358,410428
adjective,B1,upward,515452,514540
adjective,B2,hybrid,515860,497867
noun,B1,eco,516283,497867
adjective,B2,friendly,516283,497867
verb,A1,tell,526042,364322
adjective,A1,blank,527485,460229
noun,A1,cartoon,531182,147338
noun,B1,attachment,532401,110721
adjective,A1,hot,534243,393282
noun,B2,gaze,534558,393282
noun,A1,fun,540428,64359
noun,A1,frog,543454,475223
adjective,B1,stuffed,546848,442661
noun,A2,scenery,547051,395575
adverb,A2,perhaps,547750,475223
noun,A2,act,547831,530466
noun,A1,size,548989,472030
noun,B2,spray,550426,530466
adjective,A2,bored,552068,295231
verb,B2,inspect,556389,12062
noun,A1,autumn,558868,100489
noun,B1,hate,563401,483667
noun,B2,dye,564526,545594
verb,A1,choose,564526,545594
verb,B2,overshadow,568183,356169
verb,B1,block,573895,463647
verb,B1,form,577865,419201
adjective,A1,thin,580576,489046
noun,B1,dump,583070,259571
adjective,B2,exotic,586456,324818
adjective,B2,dumb,586745,259571
noun,B1,parrot,587353,324818
noun,B2,project,588493,13659
adjective,B2,reflective,588761,109441
noun,A2,balloon,591432,101068
noun,B2,axis,593050,153527
noun,A1,spring,594657,169169
noun,B2,copper,596682,28993
adverb,A2,south,603125,90155
adjective,B1,frozen,604104,390301
verb,A2,freeze,604275,390301
pronoun,A1,nothing,604275,390301
conjunction,B1,after,614514,336658
noun,A1,reader,614909,127092
verb,A1,rain,617656,438017
adjective,B1,steep,618035,127092
noun,B1,sunrise,618298,345261
noun,B1,hazard,623187,344611
noun,A2,use,624574,516804
noun,B2,ram,625027,474881
noun,B1,warning,625359,344611
noun,B2,reminder,627123,344611
verb,B1,mention,628203,344611
noun,A1,technology,633643,76416
noun,A1,festival,647696,290248
noun,B1,abundance,648188,335177
verb,B1,proclaim,652292,88218
noun,A2,hiking,665321,569273
noun,B2,gorge,665321,569273
noun,B2,cemetery,668626,193884
noun,A2,lead,670144,238039
verb,A2,bury,670189,366178
verb,B1,switch,672610,344816
adjective,A2,normal,678144,531036
adjective,B1,mechanical,683683,563604
adjective,B2,breezy,692412,564336
noun,A2,detail,695117,314914
noun,B1,regulation,695117,314914
noun,A2,issue,695117,314914
verb,A1,describe,695693,314914
determiner,A1,which,695693,314914
noun,A1,rule,695693,314914
verb,B2,enforce,695693,314914
noun,A2,cola,706106,453584
noun,A2,cab,706964,322864
noun,B1,whole,709223,453584
adjective,B1,able,713015,214200
noun,B1,hammer,714603,571008
noun,A2,meaning,715566,571008
adjective,A2,original,715566,571008
verb,B1,guide,716966,322864
noun,B1,instruction,719745,571008
noun,A2,ring,720485,315257
adverb,A2,heavily,721097,39670
verb,B1,occupy,727192,494188
adjective,A1,lonely,728154,46804
noun,A1,princess,732773,488710
adjective,B1,calm,733786,544811
noun,B1,destination,735403,177893
pronoun,A1,anyone,736142,505565
adjective,A2,familiar,736142,505565
adjective,B1,humorous,738335,488710
noun,B1,cave,742340,404601
verb,B1,announce,744063,169169
noun,B1,season,744063,169169
noun,B2,stock,745543,395388
adjective,A1,fair,746023,395388
noun,A2,bit,746550,28993
conjunction,A2,except,750246,544605
noun,B1,delivery,750246,544605
noun,B2,community,754145,362682
verb,B2,smash,755092,409268
verb,A2,bear,757864,409268
noun,A2,south,764320,2006
noun,A2,flood,764677,297681
noun,A2,rent,764874,166563
adjective,B1,misty,766344,553339
adjective,A2,net,766974,261796
noun,B1,era,768651,261796
verb,B1,flood,769450,297681
noun,B2,knot,769629,269196
noun,B1,frost,769629,269196
noun,A1,tennis,772005,73702
noun,A2,earth,775604,152465
noun,A1,page,776530,542776
noun,A1,temple,778710,98497
adjective,A2,sleepy,779535,311190
noun,A1,evening,779789,8762
noun,A2,blood,780408,566923
verb,A2,destroy,780408,566923
verb,B2,flash,781361,8762
verb,B1,bleed,783510,566923
pronoun,A1,everyone,789598,191471
noun,B2,peel,791484,227187
noun,A1,move,792756,124798
adjective,A1,fast,796274,134722
noun,B1,bullet,798408,234660
noun,B2,reed,799103,396518
adjective,A2,safe,799319,289222
noun,B1,diaper,804934,315492
verb,A2,provide,813994,447342
noun,A1,notebook,815856,547336
verb,A1,think,820012,308391
noun,B2,outlet,822132,193717
verb,B1,express,822215,100723
noun,B1,violence,822215,100723
verb,A2,hurry,822878,469246
verb,B1,warn,826708,101022
noun,B2,translation,828479,100283
noun,A1,April,2319,24021
noun,A2,quality,3872,41633
verb,B1,date,10005,24021
noun,A2,armchair,10547,446522
verb,B2,sail,13027,171611
verb,A1,dance,14415,163257
noun,A2,tip,16011,163257
noun,A2,toe,16011,163257
adverb,B1,currently,17136,458702
adjective,A1,cold,18498,181969
adverb,A2,mostly,20852,275198
noun,B1,sleep,21033,181969
noun,A2,barbecue,21893,275198
verb,B2,track,22813,133567
noun,A2,chess,24312,190753
noun,B2,pad,24882,574315
noun,B1,necklace,25952,477689
adjective,B1,faithful,26400,177015
noun,A2,web,26400,177015
adjective,B1,brief,31066,329041
noun,B1,calf,34446,467776
noun,B2,trainer,41499,389316
noun,A1,basketball,46613,558114
noun,A1,activity,46690,465180
noun,A2,sailing,49008,496597
noun,B1,horizon,53684,14380
adjective,B1,blind,63119,197528
noun,B1,dot,65302,161032
noun,A1,pocket,67819,116825
adjective,B1,marked,68822,409198
noun,A2,rope,72345,368961
noun,B1,establishment,73411,129062
noun,B1,shelter,74943,368961
verb,B2,wire,78970,41635
noun,B1,performer,79385,477288
adjective,B2,hairy,81493,41635
noun,B2,presenter,83726,8021
verb,B2,project,83726,8021
noun,B2,conference,83726,8021
noun,B1,lecture,84338,8021
adverb,B1,closely,88475,79229
noun,A2,film,89930,8021
noun,B2,catering,93212,377946
adverb,B1,tightly,93212,377946
noun,B2,patron,93954,67616
noun,A1,note,100081,568147
verb,B1,wrap,100081,568147
noun,B1,wrap,101341,568147
noun,B1,alcohol,104499,145781
noun,A1,waitress,105921,277020
noun,B1,ferry,107804,328286
adjective,B1,main,107975,350003
noun,A1,daughter,108404,66038
noun,A1,check,110584,500257
verb,A2,print,111242,507667
noun,B2,rental,112752,319369
adjective,B1,religious,113822,460683
adverb,B1,near,114197,268375
verb,B1,knit,115393,568147
verb,A1,note,115393,568147
adjective,A2,native,117355,564133
noun,B1,canal,117521,257566
noun,A2,tear,118124,393115
verb,B1,sunbathe,127205,66038
noun,A1,file,128290,564133
noun,B1,growth,128290,564133
verb,B1,fight,128933,318080
noun,A2,speaker,131012,416256
noun,B2,badge,135019,347254
noun,A1,potato,135973,196759
noun,B2,chip,135973,196759
noun,B1,reception,138511,347254
noun,A2,businessman,144343,163682
noun,B1,resort,145227,539962
verb,B2,scratch,145862,535156
noun,A2,novel,147111,389315
noun,A1,team,147164,558114
adverb,B1,entirely,148062,389315
adjective,A2,quick,156974,125952
noun,B1,usage,156974,125952
noun,A1,fishing,160517,570448
adjective,B2,down,163121,125952
verb,B1,tape,163426,153568
adjective,A2,married,164330,496854
verb,B1,burst,165161,125952
verb,B2,span,165559,47828
noun,A2,bride,166739,496854
noun,B1,groom,166739,496854
verb,A2,splash,170907,245915
adjective,A1,own,175177,411665
noun,B1,channel,175752,458223
adjective,B1,individual,176108,302165
noun,B2,cocktail,183911,32901
noun,A2,training,185146,488664
verb,A1,step,185919,229858
noun,A1,key,195166,425390
noun,B2,creek,198856,573626
noun,A2,soda,198990,297830
verb,B1,charge,199707,200961
noun,B1,intention,202486,425390
adjective,B1,available,203189,136633
noun,A2,root,203238,297830
verb,B1,shadow,204535,407943
noun,A2,award,205896,453166
noun,B2,lobby,205926,12280
noun,B2,rafter,209294,580197
verb,B1,pin,211300,203488
noun,B1,paddle,213686,220858
noun,B1,summit,214171,361180
noun,B1,cushion,216228,44068
noun,B1,glance,224654,580197
noun,B1,lab,225083,289229
noun,A1,saw,225083,289229
noun,A2,sock,226923,437351
adjective,A1,important,228566,557672
noun,B1,sandal,231232,382030
verb,B1,launch,240963,462728
adjective,A1,dear,240963,462728
verb,B2,correct,244953,233771
noun,B1,ceremony,246723,453166
noun,A2,raincoat,247798,442306
verb,B2,yawn,249399,519611
verb,A2,surf,250164,462728
verb,B2,saw,253934,289229
verb,B2,force,255051,232244
adjective,A2,medical,256511,289229
adverb,A2,wide,257433,519611
noun,A2,column,260592,15440
adverb,A1,much,261090,467848
adverb,A2,quite,261913,251572
adjective,A2,soft,261913,251572
adverb,A2,in,265744,330369
noun,B2,replica,269541,173033
adverb,B2,comfortably,274775,1675
noun,B1,bond,281988,347456
verb,B1,nurse,283119,526706
adjective,B1,scared,284606,418281
noun,B2,transfer,286410,114049
noun,B2,birdcage,287119,365208
adjective,A1,bad,289538,291490
noun,B1,sheet,292892,291490
noun,B1,circus,300553,48504
verb,B2,flip,306422,561335
verb,B1,bathe,307942,210708
noun,B1,content,308005,286458
noun,B2,tightrope,318504,235064
adverb,B2,enthusiastically,319470,296657
noun,B2,trio,320147,113403
adverb,A2,across,324293,398810
noun,A2,running,325640,465675
adverb,B1,simultaneously,325734,296657
verb,B2,chase,330582,237864
noun,B1,silk,332332,18770
adjective,B1,pregnant,335660,379533
adjective,B2,naval,347842,502168
noun,A2,stamp,356185,347163
determiner,A1,those,356943,361268
adverb,B1,curiously,361180,131131
verb,B2,straighten,366002,21604
noun,B2,telescope,368107,34071
noun,B1,president,371789,170955
noun,B1,origin,371858,352684
adjective,A2,energetic,374584,49269
verb,A1,hide,386649,126216
noun,A1,trip,388124,180296
noun,A2,shock,388291,515025
noun,A1,DVD,392598,125062
noun,B2,resident,397959,430073
adjective,B2,domestic,397959,430073
adjective,B1,lean,398130,125062
verb,B2,adore,403839,182805
adjective,B2,pastoral,406005,347456
noun,B2,thigh,408553,61960
noun,B2,profile,419043,562243
adjective,A1,terrible,421937,133343
noun,A2,lip,421937,133343
verb,B2,squash,422367,416330
noun,A1,ribbon,425855,399764
adjective,B1,eastern,428710,312421
conjunction,B1,plus,436280,278463
noun,A2,champagne,438566,294855
adjective,B1,rough,439028,160772
adjective,B1,curly,439108,575357
noun,B2,yacht,441044,239274
noun,B2,bruise,442303,127660
noun,B1,dolphin,442808,543300
verb,B1,emerge,444451,127660
noun,B2,female,444520,127660
adjective,A1,sure,446464,366199
noun,A1,meeting,449467,271116
noun,B1,occasion,457471,60932
verb,B1,shake,459549,4134
noun,B1,muscle,461476,60932
noun,A1,dancing,465391,60932
verb,B2,impose,465854,11699
noun,A1,mail,466669,496722
adjective,A1,social,467163,4134
noun,A1,peace,467324,11699
verb,B2,review,469102,133645
noun,B1,hit,469102,133645
noun,A2,account,470156,51008
verb,B2,sort,471994,360097
adverb,B1,formally,473919,281929
noun,A2,condition,483071,210388
noun,A1,speech,484092,344268
noun,B1,harness,486013,392818
adverb,A1,there,490690,80153
verb,B1,address,492375,344268
noun,A1,bee,492818,252716
adjective,A1,hard,493023,453860
noun,B1,gap,496616,200667
noun,B1,pick,498517,9769
adjective,B2,serial,501773,220732
adjective,A2,teenage,501774,301867
noun,B1,laugh,501774,301867
noun,A1,dig,503054,185250
noun,B1,bomb,504974,365745
noun,B2,squad,504974,365745
verb,A1,like,505064,390826
noun,A2,crime,508559,365745
noun,B1,lie,509142,81061
noun,A1,catch,510328,509403
noun,B2,ox,513357,430073
noun,B1,guide,524259,47819
adjective,A1,real,527757,565153
noun,B2,concession,529862,393226
verb,B1,promote,529962,53994
verb,A2,end,530106,53994
noun,B1,ginger,531159,155291
noun,B1,teen,542652,271997
verb,B1,possess,545730,271997
noun,A2,member,550080,151480
noun,B2,coconut,553481,260261
noun,B1,actress,555698,106757
noun,B2,amazement,558146,106757
verb,B1,toss,563873,511384
noun,B1,robot,569405,244496
adjective,A2,peaceful,576347,79837
noun,B2,widow,581006,409867
verb,B1,leap,585346,225670
adjective,A2,uniform,589398,183716
adjective,B1,outer,592550,352491
noun,A2,interest,597158,533536
adverb,B2,attentively,598175,533536
noun,B1,selection,601182,397303
noun,B1,balance,602101,453001
noun,B1,vessel,603992,477227
noun,A2,description,606021,526103
noun,A2,dust,606154,178618
pronoun,A2,whom,609732,279927
verb,A2,expect,609732,279927
noun,A2,coin,611167,135410
noun,B1,ladder,611167,135410
verb,B1,bowl,613618,135410
verb,B2,rock,614469,540928
verb,B1,wake,614788,566524
adjective,A2,certain,615261,67315
adjective,A2,alive,615872,230362
adjective,B1,casual,620709,67315
noun,A2,choice,621721,67534
noun,B2,icon,624053,519039
verb,B1,beat,624191,359855
noun,B2,seminar,629039,222299
adjective,B2,standard,634364,149568
adverb,B2,sharply,643096,491867
adverb,A2,happily,643096,491867
noun,B2,peer,644150,148730
noun,A1,card,646400,148730
noun,B2,sanitation,651271,334006
noun,A1,kiss,652126,6894
noun,A2,cooler,655324,309964
verb,B2,equip,656792,534270
adjective,B1,ridiculous,658301,534270
preposition,B1,throughout,658725,559099
adverb,B2,peacefully,659964,559099
noun,B1,volcano,659964,559099
noun,B1,standard,659980,68409
verb,B2,struggle,664021,414261
noun,B2,tug,665231,144932
noun,A1,job,665231,144932
verb,B1,handle,665231,144932
noun,B1,incident,673694,563702
verb,A1,finish,674318,273232
noun,A1,wife,677806,47585
noun,A2,wedding,677806,47585
noun,B1,firefighter,677858,563702
verb,B1,drag,682158,455219
noun,B2,bikini,685081,262048
noun,B2,relief,685592,14888
verb,B2,cool,685701,85478
verb,A2,marry,687166,473219
noun,B2,suffering,688868,14888
noun,B1,priest,689155,473219
noun,B2,pastor,689713,473219
noun,A1,throw,689812,300913
noun,A1,classroom,690585,390555
noun,A1,student,690636,390555
noun,A1,grade,693640,2299
verb,B1,tear,705213,341094
adjective,A1,wrong,706716,121506
verb,B1,unfold,709476,510329
adjective,A2,ancient,709476,510329
verb,B2,carve,709695,510329
verb,A2,hug,709983,6763
noun,A2,balcony,710381,158945
adverb,B1,accidentally,710691,100428
adverb,A1,too,710691,100428
adverb,A2,daily,712443,511321
verb,B2,rip,712713,341094
verb,A1,hurt,712713,341094
noun,A2,architecture,713967,510329
noun,A2,explanation,716216,114907
adverb,A2,over,719244,570664
adverb,B1,freely,723804,105264
adverb,B1,alike,724547,223188
adverb,B1,frequently,724892,253742
noun,B2,conjunction,726404,114907
verb,A1,kick,726845,566282
noun,A1,soccer,726845,566282
noun,B2,boxer,727152,206831
adjective,B1,satisfied,729441,400815
verb,B2,bind,734355,270883
noun,B1,rubbish,735563,295420
adverb,A1,carefully,735926,401446
noun,A2,handbag,737516,401446
noun,B2,underwear,739500,270883
noun,B1,package,750788,417249
adjective,B1,fashionable,757504,423944
conjunction,A1,when,761087,423944
noun,A2,tap,764251,377000
adjective,A2,relaxed,766129,519764
adjective,B1,serious,767541,310862
verb,B1,attract,768576,60823
adjective,A2,gentle,769630,244411
noun,B1,garment,773351,423944
noun,A2,photography,775896,540280
adjective,B1,digital,778785,540280
noun,A2,mark,779382,186873
noun,A2,creature,780568,194216
noun,B2,wheat,788015,61171
noun,B2,grain,788015,61171
adjective,A2,royal,805710,146825
verb,A2,create,809015,406417
noun,A1,dance,809015,406417
adverb,A2,sadly,816132,389933
noun,A2,teenager,2070,450559
verb,B2,trick,2193,93717
noun,B1,waterfall,2667,521231
adjective,A2,blonde,3251,356968
adjective,B1,pure,10508,377497
verb,B2,execute,12090,450559
verb,B2,pitch,15681,130579
noun,B2,pitch,17217,130579
noun,B1,property,17311,54931
noun,A2,exercise,18577,54931
verb,B1,skate,19881,426203
verb,A2,disappear,20458,317024
determiner,A2,half,23533,190853
noun,B2,ridge,27313,376112
noun,B1,server,29265,434459
noun,A2,spread,29487,30785
adjective,A1,healthy,32229,30785
noun,A2,toast,32229,30785
noun,B2,personnel,32295,434459
verb,B2,split,34055,92660
noun,A2,perfume,37884,578922
noun,B2,herb,40406,92660
noun,A2,second,40406,92660
adjective,A2,underwater,42535,125245
noun,A2,fry,45853,456143
noun,B1,takeaway,49891,456143
noun,B1,shopper,53227,293794
verb,A2,produce,56132,479155
noun,B1,obstacle,58765,100510
noun,A2,ham,59063,43581
adjective,B1,spicy,59063,43581
noun,A2,pepper,59063,43581
noun,B2,leap,60582,171382
noun,B2,portion,60786,387916
adjective,B1,extreme,61275,185599
verb,B1,shop,64373,479155
noun,A1,supermarket,64910,479155
noun,B1,gravy,67229,419312
verb,B1,base,72318,350388
noun,B1,while,72318,350388
noun,A1,beef,75792,166426
noun,A2,skiing,79919,576031
noun,B2,silverware,80454,166426
noun,A1,teacher,90076,17182
noun,A2,blackboard,90076,17182
adjective,A2,artificial,90541,244592
verb,B1,participate,93725,352582
noun,B1,layer,96010,54628
adjective,B2,gross,96099,299355
noun,B1,victory,96924,533493
adjective,B2,varied,101174,128598
adverb,B2,calmly,103688,70158
noun,A1,flat,106150,374369
verb,A1,win,107964,533493
adjective,B2,humane,108500,217948
noun,A2,tape,109955,324715
noun,B1,pit,111075,373315
noun,A1,summer,112443,504589
noun,B2,yawn,112709,417465
noun,B2,swing,123462,398028
noun,A2,swimsuit,125674,206838
adjective,B1,impressive,127612,563648
noun,B2,mixture,129155,61658
adjective,A1,tight,131886,367818
noun,B2,pickle,132170,56288
noun,B1,finger,148004,461009
verb,B1,compose,149133,93965
noun,B2,peach,151346,461009
noun,A2,mosque,156161,508639
noun,A2,wine,159512,506279
noun,B2,relaxation,159543,226592
noun,A1,monkey,163085,431727
adverb,B1,totally,164989,348243
verb,B1,fasten,165765,157928
noun,B1,mule,170164,227686
verb,B1,grill,175267,434297
noun,B1,spinach,175267,434297
noun,A2,onion,177198,493799
noun,B1,round,179965,221693
adjective,B1,typical,184266,358195
noun,B1,lodge,189695,361919
adjective,B2,miniature,192309,163951
noun,B1,boom,192309,163951
noun,B1,twist,192634,2473
noun,A1,finish,195264,141671
noun,A2,convenience,200804,213547
adverb,A1,hard,201836,473121
verb,A2,represent,203814,287667
verb,B1,link,204556,445439
adjective,A2,official,204569,473121
noun,A2,slide,205787,473121
adjective,A1,super,210566,356428
noun,B2,proximity,218263,320632
noun,A1,pencil,221904,279769
adjective,B1,rotten,224079,163951
noun,B1,tick,232493,149375
noun,B2,papaya,233513,581781
verb,B2,snap,234579,113589
noun,A2,pea,234579,113589
noun,B2,mogul,234628,164885
adverb,A2,easily,235198,164885
noun,B1,cucumber,237448,138954
verb,B1,control,237811,42296
noun,A2,string,241072,42296
noun,A2,oil,241919,104612
noun,B2,vinegar,241919,104612
noun,B1,guilt,245420,283412
noun,B1,tuna,246691,138954
noun,A2,batch,246754,346707
noun,A1,palace,252250,303499
noun,B1,enthusiast,257319,378673
verb,A1,learn,257555,295138
noun,A1,skill,257555,295138
noun,B1,cabbage,257734,116206
verb,B1,hope,259088,367195
noun,A1,news,259586,283412
verb,A2,remain,262614,231097
verb,B1,scatter,268908,104455
adjective,B2,barren,272940,465836
noun,A2,ability,279676,229553
noun,A2,float,280086,544444
verb,A2,apply,281095,60855
verb,A2,die,291341,44260
noun,A1,juice,292153,186929
noun,B1,whale,292193,172935
noun,A1,grape,293876,217753
noun,B1,empire,297183,119445
noun,B1,peanut,297304,6614
noun,B1,raspberry,297537,2157
noun,A2,chin,298787,92839
noun,B1,elbow,300260,442463
verb,B2,swing,300795,119445
noun,A1,fight,303533,560266
noun,B2,mint,308580,98633
noun,B1,lettuce,312785,105014
noun,A1,butterfly,317818,191761
adverb,A1,else,321580,191761
verb,A2,boil,323398,221872
noun,B2,substance,323839,231527
noun,A2,salt,327981,231822
noun,B2,rhinoceros,328045,16010
noun,B2,worm,332123,99053
noun,A2,fare,332421,231822
adjective,B2,balanced,332421,231822
noun,A2,ankle,335796,13774
adverb,A2,deep,335796,13774
noun,B2,handrail,336731,161879
noun,A2,snowboarding,340269,95155
verb,A1,exercise,341954,15956
verb,B1,notice,342287,60770
noun,B2,plot,343033,396274
adjective,A1,sweet,344914,396274
noun,A2,sunlight,344914,396274
noun,B2,caption,345379,157365
verb,B1,act,351721,64868
verb,B2,wind,360601,500478
verb,B1,warm,368567,434548
noun,B2,cherry,373385,560256
noun,A2,mushroom,373937,34205
noun,A2,golf,374135,437239
verb,B1,engage,376100,80659
noun,B2,crab,377511,106266
adjective,B1,prepared,378371,34205
preposition,B2,unto,384612,398438
noun,B1,gym,387749,163118
noun,B1,pork,389647,127494
noun,A2,beginner,393304,334767
verb,B2,stab,393307,447611
verb,B1,release,399928,153797
verb,B2,spin,400028,9378
adjective,B1,glorious,405625,562818
noun,B1,compound,411221,493019
noun,B1,option,418248,313783
adjective,B2,rectangular,426064,128658
verb,B1,care,469686,243989
noun,A1,celebration,469899,60886
verb,A2,return,470642,559160
noun,B1,gown,471456,209142
noun,B2,mate,478698,451879
adjective,A2,fried,482285,352900
verb,B2,whip,487998,188906
adverb,B1,completely,489238,118367
noun,B2,bun,490459,118367
verb,B1,film,497657,538458
noun,B1,league,507134,192670
conjunction,A2,before,508438,153669
verb,B1,bat,511015,153669
noun,A2,racket,521455,423104
noun,B1,progress,523184,132931
noun,B1,salmon,529374,15278
noun,A2,garlic,531168,15278
noun,A1,today,551505,546823
adjective,B1,aggressive,560027,547519
adjective,B2,yummy,560512,174123
noun,B1,saucepan,560763,393838
noun,B2,recipe,564972,29640
verb,B2,descend,572084,464144
noun,A2,alarm,576228,407825
noun,A2,euro,577931,429281
noun,A1,money,577931,429281
noun,B2,penguin,579786,407825
verb,B2,photograph,589886,350148
adverb,B1,beautifully,595472,307658
verb,B1,remove,595759,569825
noun,B2,mask,595759,569825
noun,A1,practice,596048,282037
noun,B1,preparation,600421,330818
adjective,B2,related,600421,330818
noun,B2,peak,603885,541055
noun,B2,territory,605096,85682
noun,B2,pudding,613943,13004
noun,A1,corn,618614,3501
verb,B1,vary,622420,397681
verb,B2,disguise,622803,199055
noun,A1,future,622803,199055
noun,B1,needle,622846,410934
noun,B2,breed,627983,364636
noun,A2,heat,627983,364636
noun,B2,coral,633182,281447
verb,B2,tap,636112,72795
noun,B2,hug,640352,776
adverb,A1,yet,647231,78959
noun,A2,harvest,647231,78959
noun,B2,chunk,647971,465585
verb,A1,join,652203,283070
noun,B2,pine,658446,38210
noun,B1,vision,670593,71756
adjective,B1,alcoholic,671842,463283
adjective,B1,vegetarian,671973,308430
verb,B1,interrupt,673947,71756
noun,A1,surprise,673947,71756
noun,B2,soil,675750,20247
verb,B1,rid,675802,553990
noun,A1,month,687785,52891
adjective,B1,intense,691898,345466
verb,A1,study,698981,553788
noun,B1,defender,706528,568213
noun,B2,cocoa,714559,312406
noun,B1,ingredient,714559,312406
noun,B1,loss,734877,43314
noun,B1,mountaintop,734877,43314
verb,A2,compare,738410,196009
noun,B1,fall,740869,280779
noun,B1,basis,744169,569825
noun,A1,sum,749512,537506
noun,B2,olive,749688,339442
determiner,A1,whose,754884,12748
verb,A2,receive,762693,123213
verb,B2,present,773017,567898
adjective,B2,western,780253,377486
adjective,B1,competitive,787048,421060
noun,B1,spirit,787048,421060
noun,B1,split,795636,139260
adjective,B2,modest,798178,549167
noun,B1,tournament,799772,438955
adjective,A2,traditional,800217,139260
noun,B2,flame,803549,258388
noun,A2,blow,807968,258388
noun,B2,torch,807968,258388
noun,B2,teaspoon,820699,196009
noun,B2,incense,821537,45472
verb,A2,oppose,828315,6471
adverb,A1,ago,828518,109118
noun,B1,lifeguard,6112,128675
verb,B2,overturn,6112,128675
adjective,B1,cheerful,6551,245311
verb,A2,bake,8120,245311
noun,B2,projection,8601,23899
verb,B2,consult,13033,326248
noun,B1,referee,13033,326248
verb,B2,challenge,17371,326248
verb,B2,crack,22552,131379
verb,B1,strike,23125,85772
noun,A1,mom,29985,455301
noun,B1,swimmer,36386,272148
verb,B2,wipe,38085,240023
verb,B1,bounce,38085,240023
noun,B1,sweat,41748,240023
noun,A1,wake,46283,232692
noun,A2,surfing,52670,326174
noun,A1,lesson,52670,326174
noun,A1,age,53510,326174
noun,A2,napkin,73199,575815
adjective,B1,awkward,80019,373382
verb,B2,dominate,82005,533206
verb,A2,divide,83617,164969
noun,A1,pop,87452,311303
noun,A1,guest,93988,277689
adjective,B2,ecstatic,94896,468505
verb,B1,combine,110453,68286
noun,B1,bakery,112024,92177
noun,B1,bedside,113957,403353
adverb,A2,differently,123674,8629
noun,A1,candy,124031,450100
adjective,A1,lovely,125512,319935
noun,B1,efficiency,127684,218091
noun,A2,queen,127684,218091
noun,A2,wheelchair,130529,44877
noun,A1,pet,138552,318238
noun,B1,length,147144,318238
noun,A1,Olympics,151135,364884
adjective,A2,loose,156314,142790
verb,B1,tend,156551,518326
noun,A1,cold,158240,142790
adverb,A2,elsewhere,159413,355677
noun,B1,comfort,162053,320664
adjective,B2,disorderly,162385,24610
verb,B1,respond,164123,402615
adverb,B1,rapidly,164776,364884
adverb,B2,actively,170363,325347
noun,B2,opponent,173973,60102
noun,B1,loaf,174678,426795
noun,A1,grandmother,174697,12576
noun,B1,possession,175560,60102
noun,B1,buddy,179795,62808
verb,A1,want,179795,62808
verb,B1,heat,184077,46048
noun,A2,rugby,185889,398742
noun,B1,reach,192755,406129
determiner,A1,what,196137,571313
noun,A1,hospital,214254,355257
noun,B2,dorm,214284,571313
noun,B2,shift,216393,571313
noun,B2,grin,225558,140987
noun,B2,assembly,225675,34417
noun,B1,delight,233622,327592
verb,A2,order,234937,24144
noun,B1,instructor,235417,274066
noun,A2,joy,237000,34417
noun,B2,creation,239136,46463
noun,B2,index,244632,180560
noun,B1,filling,261915,189752
noun,B1,aim,280277,151629
noun,A2,camping,284910,18193
verb,A2,concentrate,293766,3934
noun,B1,saucer,297166,378605
noun,B2,booklet,304248,379842
noun,A2,trade,320097,571598
pronoun,A1,those,321246,571598
verb,B2,double,331006,203864
noun,A1,volleyball,339565,49759
noun,B1,bubble,349858,460929
adjective,B2,sloppy,354938,234779
adjective,B2,spare,358026,249550
verb,B2,grip,365946,554156
verb,B1,involve,377136,551820
noun,A2,badminton,377136,551820
noun,B1,battle,379113,485071
noun,A1,survey,383274,187362
noun,A2,earring,386648,482275
noun,A2,beauty,386648,482275
noun,A1,sailor,390811,477955
noun,B2,trophy,391313,74200
noun,B2,paperwork,391381,302030
adjective,A1,excited,393258,463802
verb,B1,shout,397812,463802
noun,B1,excitement,402472,361147
adjective,A2,smooth,411553,567011
verb,B2,instruct,414208,81988
verb,A2,consider,416427,59635
noun,B2,coastline,416427,59635
adjective,B2,hospitable,417053,449661
noun,A1,actor,419310,59635
noun,B1,parachute,429804,563349
noun,B2,infant,431649,311394
noun,A1,topic,438102,551439
adjective,B2,particular,448372,35279
adjective,B1,downward,449154,122672
noun,B1,boxing,457244,485130
noun,B2,leopard,462904,170191
verb,B2,anticipate,469896,252776
noun,A1,birth,503417,180101
verb,B2,list,503832,526197
noun,B1,record,508671,563281
noun,A2,sweet,508887,449312
noun,B1,mosquito,527177,10092
noun,A2,bug,531713,10092
verb,B2,water,538555,224222
noun,B1,recording,542055,99428
adjective,A2,windy,554427,532481
adjective,B1,neutral,558961,66523
adverb,B2,eagerly,583646,422886
noun,B1,handkerchief,587236,563758
adjective,A1,key,620056,56344
noun,A1,gift,621205,180878
noun,A1,husband,626156,363207
noun,B2,dime,630988,370999
noun,A2,escalator,632443,467315
noun,A1,kick,635542,577864
adjective,B2,reluctant,638138,18150
verb,A1,bring,640132,160728
noun,A1,shake,641488,54605
verb,B1,imitate,649258,73946
noun,B2,double,657294,541123
noun,B1,goalkeeper,665676,474028
verb,B2,scan,666987,333237
verb,B1,soil,669582,190648
adverb,B2,utterly,671904,190648
noun,A1,coke,672241,206027
verb,B1,react,688507,201072
noun,B1,spider,689963,102820
adjective,B1,worth,691082,548555
noun,A1,nurse,701950,354307
noun,B1,injury,706867,354307
noun,A1,king,706881,51738
adjective,B1,severe,707134,354307
noun,A1,heart,707743,128476
noun,B2,purchase,708620,345469
noun,B1,consumption,709494,289415
adjective,B1,hearty,732323,253452
noun,A1,form,738502,214539
adjective,B2,informal,743888,420069
verb,B2,select,748099,529122
noun,A1,son,753796,529122
adjective,A1,special,755733,179214
noun,A2,flea,761828,450399
noun,A2,expert,770471,312489
verb,B1,consume,777405,157601
verb,A2,suit,777417,183127
verb,B1,deal,777643,569972
verb,A2,contact,782093,213830
noun,B2,heritage,785118,157601
adjective,B2,rosy,801685,527784
noun,B2,mill,801685,527784
adjective,A2,possible,802013,171757
adverb,A2,recently,804486,239347
noun,B1,duvet,805847,345385
noun,B2,polo,816411,316404
verb,A1,happen,827279,371042
adverb,A1,once,827279,371042
noun,A2,attempt,829359,388215
verb,B2,assemble,13352,93261
adjective,B1,technological,14844,26465
noun,A2,dinosaur,22305,336628
preposition,B1,via,37449,349678
adverb,B1,otherwise,39561,132329
noun,A2,state,41511,349678
noun,B2,mix,45524,480212
noun,B2,packet,45524,480212
noun,A1,touch,45783,388927
noun,B1,dial,46179,388927
noun,B1,tablet,49371,306139
noun,A2,honey,51692,236914
verb,B1,depart,52860,355169
noun,A2,timetable,53238,355169
noun,B1,arrival,53238,355169
noun,B1,departure,53238,355169
noun,B1,status,55839,355169
verb,A2,record,56089,259597
noun,A2,performance,56089,259597
noun,A1,rabbit,56608,513283
verb,B1,suppose,57209,554838
verb,A2,fail,58920,181303
noun,B1,chat,62370,482970
noun,B2,flash,65460,68765
verb,B2,aim,71757,562581
verb,B2,edit,75542,186345
noun,B2,observer,78413,196141
verb,B1,bump,80639,213035
noun,B1,nail,85450,36660
noun,B2,parliament,92572,135890
adjective,A2,confused,95365,492110
noun,A1,year,103917,167353
noun,B1,darkness,104177,477805
adjective,A2,comfortable,104614,29596
noun,B2,salon,114929,350002
noun,A2,singing,121735,167486
noun,B1,single,123476,292225
noun,B2,electronics,126545,380913
noun,B1,prison,133732,207306
verb,B1,fit,143556,215114
adjective,B2,interactive,149636,532690
adjective,A1,late,152461,294163
noun,B1,glory,159958,276804
adjective,B1,present,159958,276804
adverb,B2,elegantly,162321,7818
noun,A2,angel,163218,35963
noun,B1,wrist,164002,468233
noun,A2,flour,170385,7818
adjective,B1,active,170584,450686
noun,B1,application,170824,450686
verb,A2,matter,174500,499266
adjective,A2,comic,181192,520077
noun,A2,error,189467,407646
adjective,A1,expensive,190362,446207
noun,B1,kettle,195765,376264
adjective,B2,suspicious,196138,384136
noun,B2,estate,197047,446005
adjective,A1,hungry,199747,369757
adjective,B1,amazed,199864,374982
noun,B2,label,211564,315219
noun,A1,ghost,217128,568584
verb,B2,file,218719,405279
noun,A2,comb,223027,75393
noun,B2,width,226339,384949
noun,B2,cathedral,228451,36678
noun,B1,bracelet,229586,64574
adjective,A2,proper,236727,568584
noun,A2,amusement,243361,384949
noun,B1,teammate,250441,62355
noun,B1,studio,255534,14038
noun,A2,clue,255534,14038
noun,A2,roundabout,258298,234366
noun,A1,mum,264120,372260
noun,A2,editor,269847,255483
noun,B2,hook,287145,521719
adjective,B2,posh,288587,277197
adjective,B1,complex,289128,424135
noun,B2,hedge,299427,273493
noun,B2,institution,299604,437110
adjective,B1,liquid,308471,144784
verb,B1,stream,324242,332845
adjective,B2,actual,331555,512403
adjective,B2,upright,335907,456662
adjective,A2,musical,350409,76731
noun,A2,instrument,350409,76731
noun,B1,bark,350882,73153
verb,B1,meditate,357812,5060
verb,A2,communicate,367088,128748
noun,B2,cube,370914,433192
noun,A1,hello,372341,1296
noun,A1,change,382711,348481
noun,A1,Miss,385268,1296
noun,A2,return,392613,522889
adverb,B2,impatiently,398867,398377
adjective,A1,strong,405340,449579
verb,B2,comb,408600,66886
noun,A2,printer,431029,63602
noun,A2,diamond,433155,160864
noun,A2,death,436657,63602
adverb,A1,maybe,437794,154339
noun,A2,pressure,440422,154339
noun,B1,finding,444524,322844
noun,B1,diving,453465,408774
noun,B2,pumpkin,457795,51326
adverb,A1,soon,458694,281409
noun,A1,result,495439,410735
adverb,A2,anywhere,518154,553664
noun,A1,piano,537785,367569
noun,B1,flute,544579,22705
adjective,B2,injured,555451,322944
adjective,B2,bloody,558160,322944
verb,B1,own,558931,12670
noun,A1,list,567801,170116
noun,B2,seal,568451,577735
noun,A1,college,574673,300341
noun,B1,minority,576797,433103
adjective,B2,grand,577536,89045
adjective,A2,split,577933,158744
noun,A2,task,589911,334977
noun,B1,pub,591299,214224
noun,B1,postcard,592576,159791
noun,B1,checkout,600056,262227
adjective,A1,fun,603575,82688
noun,A1,question,606670,425227
noun,A1,moment,607448,160556
adverb,A2,twice,608603,53909
noun,A2,being,608977,425227
adverb,B2,casually,611325,109313
noun,B1,charge,611393,565853
noun,B2,fit,627071,357978
noun,B1,filter,628940,365886
noun,B1,thumb,629126,365886
noun,B2,thermometer,634050,525286
verb,B1,measure,634959,525286
noun,B1,turtle,637025,383386
adjective,A1,awake,638981,243344
noun,A2,hockey,657350,328030
noun,A2,help,662446,39914
noun,A1,band,667246,474344
adjective,B1,disabled,684896,259690
adjective,A2,senior,694192,438876
adjective,A1,fine,710689,520871
adverb,A2,actually,711849,367386
adverb,A1,later,711912,478721
noun,B1,carton,713501,28452
adjective,B2,breathtaking,714060,426836
adverb,A2,enough,734885,182923
verb,B1,differ,737001,517687
noun,B1,moss,751655,101884
verb,A2,send,762918,19786
noun,B1,heaven,770534,247806
noun,A2,cheek,771657,71938
noun,B1,crush,773158,340697
adverb,B1,unusually,774443,24027
noun,B1,profession,783887,404923
verb,B1,blend,784650,320706
adjective,A2,silly,788400,391140
noun,B1,glimpse,796245,578500
adjective,B1,academic,803914,147415
adjective,B1,naked,804324,508730
noun,B1,twin,813405,508730
adverb,A1,never,822105,474021
noun,B1,household,824671,189213
noun,A1,haircut,20998,297562
noun,A2,barber,24826,297562
noun,A2,discussion,34203,151820
noun,B1,jug,41896,407403
noun,A2,study,43621,407403
noun,B2,bartender,107139,25394
noun,B2,chief,143832,470773
noun,B1,companion,181226,417632
verb,B1,stem,188667,140439
noun,B2,peg,213560,80057
adverb,A2,even,283442,213224
adjective,B1,enjoyable,348218,224807
noun,A2,seafood,406684,559513
verb,B1,taste,572793,2685
adverb,B1,more,575688,25986
noun,B1,packing,616505,348012
noun,B1,grave,623871,314264
noun,B2,win,692411,180751
noun,B2,walnut,764231,147205
